id,vendor_id,name,email,phone,certificate,description,address,account_type,is_enabled,created_at,updated_at
1,96,Business 1,business1@example.com,+23355000001,cert_1.pdf,Business 1 description,Business 1 address,retail,True,2023-01-14 19:18:06.958254,2023-02-10 18:24:13.879651
2,3,Business 2,business2@example.com,+23355000002,cert_2.pdf,Business 2 description,Business 2 address,retail,False,2023-12-05 15:59:25.848617,2023-11-11 04:44:17.413833
3,75,Business 3,business3@example.com,+23355000003,cert_3.pdf,Business 3 description,Business 3 address,retail,False,2024-10-11 15:39:15.446882,2023-04-16 11:58:06.519536
4,23,Business 4,business4@example.com,+23355000004,cert_4.pdf,Business 4 description,Business 4 address,wholesale,True,2023-06-05 17:32:21.584427,2023-10-08 08:20:42.535326
5,39,Business 5,business5@example.com,+23355000005,cert_5.pdf,Business 5 description,Business 5 address,retail,True,2024-12-10 20:28:08.930799,2024-10-05 15:06:02.907527
6,23,Business 6,business6@example.com,+23355000006,cert_6.pdf,Business 6 description,Business 6 address,wholesale,True,2023-11-23 18:45:10.434139,2024-04-07 08:11:17.424634
7,28,Business 7,business7@example.com,+23355000007,cert_7.pdf,Business 7 description,Business 7 address,retail,True,2023-12-07 22:35:56.869382,2023-11-03 02:35:35.649334
8,25,Business 8,business8@example.com,+23355000008,cert_8.pdf,Business 8 description,Business 8 address,wholesale,True,2024-11-14 13:10:52.883051,2024-05-11 19:42:14.619820
9,75,Business 9,business9@example.com,+23355000009,cert_9.pdf,Business 9 description,Business 9 address,wholesale,True,2024-10-01 08:34:15.560357,2023-02-02 07:02:17.469268
10,98,Business 10,business10@example.com,+23355000010,cert_10.pdf,Business 10 description,Business 10 address,retail,False,2024-11-08 10:28:17.192069,2023-02-09 03:50:24.843644
11,12,Business 11,business11@example.com,+23355000011,cert_11.pdf,Business 11 description,Business 11 address,wholesale,True,2023-08-22 00:57:59.494902,2024-04-06 18:50:54.006479
12,8,Business 12,business12@example.com,+23355000012,cert_12.pdf,Business 12 description,Business 12 address,wholesale,False,2024-08-04 01:00:17.975875,2023-03-28 16:21:33.870553
13,62,Business 13,business13@example.com,+23355000013,cert_13.pdf,Business 13 description,Business 13 address,wholesale,False,2024-07-22 15:10:05.550444,2024-07-11 01:36:55.956182
14,77,Business 14,business14@example.com,+23355000014,cert_14.pdf,Business 14 description,Business 14 address,retail,True,2024-10-01 02:46:55.955483,2024-09-11 03:35:14.637579
15,7,Business 15,business15@example.com,+23355000015,cert_15.pdf,Business 15 description,Business 15 address,retail,True,2023-08-18 19:46:32.772561,2023-09-28 17:29:39.565956
16,89,Business 16,business16@example.com,+23355000016,cert_16.pdf,Business 16 description,Business 16 address,wholesale,True,2023-12-29 07:56:08.650396,2024-02-18 01:08:51.525120
17,82,Business 17,business17@example.com,+23355000017,cert_17.pdf,Business 17 description,Business 17 address,wholesale,True,2024-03-20 15:21:55.969005,2023-09-03 19:51:42.000674
18,96,Business 18,business18@example.com,+23355000018,cert_18.pdf,Business 18 description,Business 18 address,retail,True,2023-12-08 13:52:18.831923,2024-08-08 04:53:23.229818
19,5,Business 19,business19@example.com,+23355000019,cert_19.pdf,Business 19 description,Business 19 address,wholesale,True,2023-11-11 11:35:14.720152,2024-06-03 23:50:56.708010
20,28,Business 20,business20@example.com,+23355000020,cert_20.pdf,Business 20 description,Business 20 address,wholesale,True,2024-09-08 05:47:21.670819,2024-12-07 01:11:46.515587
21,28,Business 21,business21@example.com,+23355000021,cert_21.pdf,Business 21 description,Business 21 address,wholesale,True,2023-01-18 02:16:16.690466,2023-07-11 15:33:56.458002
22,53,Business 22,business22@example.com,+23355000022,cert_22.pdf,Business 22 description,Business 22 address,wholesale,False,2023-03-25 06:45:54.281932,2024-09-08 19:14:44.430681
23,16,Business 23,business23@example.com,+23355000023,cert_23.pdf,Business 23 description,Business 23 address,retail,True,2023-04-21 10:56:31.921947,2024-03-11 05:11:08.643960
24,31,Business 24,business24@example.com,+23355000024,cert_24.pdf,Business 24 description,Business 24 address,wholesale,True,2024-07-04 08:25:27.624798,2023-10-24 10:21:49.075494
25,22,Business 25,business25@example.com,+23355000025,cert_25.pdf,Business 25 description,Business 25 address,wholesale,False,2024-06-27 09:38:20.500591,2024-07-02 08:32:04.885173
26,53,Business 26,business26@example.com,+23355000026,cert_26.pdf,Business 26 description,Business 26 address,wholesale,True,2023-01-28 14:53:03.253906,2024-05-01 16:12:06.151736
27,68,Business 27,business27@example.com,+23355000027,cert_27.pdf,Business 27 description,Business 27 address,wholesale,False,2023-05-21 05:11:31.752201,2024-03-14 15:39:07.508770
28,82,Business 28,business28@example.com,+23355000028,cert_28.pdf,Business 28 description,Business 28 address,wholesale,False,2024-10-02 12:08:06.293793,2024-10-20 18:24:23.228376
29,5,Business 29,business29@example.com,+23355000029,cert_29.pdf,Business 29 description,Business 29 address,wholesale,False,2023-05-12 10:27:49.093925,2023-11-13 23:59:30.845042
30,30,Business 30,business30@example.com,+23355000030,cert_30.pdf,Business 30 description,Business 30 address,wholesale,False,2024-02-02 18:25:12.049181,2024-11-03 17:23:35.266880
31,62,Business 31,business31@example.com,+23355000031,cert_31.pdf,Business 31 description,Business 31 address,retail,True,2024-08-09 19:24:40.656451,2023-02-12 13:22:32.524606
32,28,Business 32,business32@example.com,+23355000032,cert_32.pdf,Business 32 description,Business 32 address,wholesale,False,2023-11-07 12:47:33.545947,2023-06-15 13:23:45.071872
33,22,Business 33,business33@example.com,+23355000033,cert_33.pdf,Business 33 description,Business 33 address,retail,False,2023-05-24 03:29:50.910492,2024-06-11 06:34:31.619241
34,3,Business 34,business34@example.com,+23355000034,cert_34.pdf,Business 34 description,Business 34 address,wholesale,True,2023-09-01 04:11:28.820604,2024-01-17 20:02:10.419235
35,44,Business 35,business35@example.com,+23355000035,cert_35.pdf,Business 35 description,Business 35 address,wholesale,True,2023-08-19 19:28:29.167237,2024-07-15 06:21:15.702546
36,39,Business 36,business36@example.com,+23355000036,cert_36.pdf,Business 36 description,Business 36 address,wholesale,False,2024-04-22 08:11:55.448729,2024-09-08 05:45:30.551086
37,2,Business 37,business37@example.com,+23355000037,cert_37.pdf,Business 37 description,Business 37 address,wholesale,True,2023-08-13 09:50:28.142583,2023-08-20 15:07:21.804024
38,44,Business 38,business38@example.com,+23355000038,cert_38.pdf,Business 38 description,Business 38 address,wholesale,True,2023-09-03 14:17:04.916624,2024-04-24 22:48:58.490700
39,8,Business 39,business39@example.com,+23355000039,cert_39.pdf,Business 39 description,Business 39 address,wholesale,True,2023-04-26 00:56:04.173737,2024-09-18 08:54:47.209869
40,7,Business 40,business40@example.com,+23355000040,cert_40.pdf,Business 40 description,Business 40 address,retail,False,2024-06-18 00:02:24.311001,2024-03-16 22:32:51.611728
41,8,Business 41,business41@example.com,+23355000041,cert_41.pdf,Business 41 description,Business 41 address,retail,True,2023-01-26 22:21:47.065335,2024-10-01 17:05:33.960176
42,16,Business 42,business42@example.com,+23355000042,cert_42.pdf,Business 42 description,Business 42 address,wholesale,False,2024-02-16 00:42:58.707541,2024-01-04 22:40:39.266104
43,25,Business 43,business43@example.com,+23355000043,cert_43.pdf,Business 43 description,Business 43 address,retail,False,2023-01-08 04:13:55.685188,2023-07-07 11:02:47.247984
44,82,Business 44,business44@example.com,+23355000044,cert_44.pdf,Business 44 description,Business 44 address,wholesale,True,2023-11-12 23:20:12.485313,2023-11-29 09:42:25.908984
45,7,Business 45,business45@example.com,+23355000045,cert_45.pdf,Business 45 description,Business 45 address,retail,False,2024-01-05 15:52:00.541187,2024-02-03 16:33:24.276945
46,62,Business 46,business46@example.com,+23355000046,cert_46.pdf,Business 46 description,Business 46 address,wholesale,False,2024-08-24 13:13:46.174037,2024-10-03 16:56:36.901397
47,85,Business 47,business47@example.com,+23355000047,cert_47.pdf,Business 47 description,Business 47 address,wholesale,True,2023-12-01 16:29:16.436843,2024-08-25 02:30:42.731462
48,63,Business 48,business48@example.com,+23355000048,cert_48.pdf,Business 48 description,Business 48 address,wholesale,False,2023-03-11 02:57:11.145790,2024-08-28 15:28:32.093436
49,44,Business 49,business49@example.com,+23355000049,cert_49.pdf,Business 49 description,Business 49 address,retail,True,2024-01-24 21:29:12.310711,2024-08-22 08:20:07.998363
50,88,Business 50,business50@example.com,+23355000050,cert_50.pdf,Business 50 description,Business 50 address,retail,True,2024-11-25 05:52:22.997147,2023-09-13 01:19:14.138885
51,70,Business 51,business51@example.com,+23355000051,cert_51.pdf,Business 51 description,Business 51 address,wholesale,False,2023-02-25 10:09:21.663621,2023-10-13 05:31:52.710684
52,31,Business 52,business52@example.com,+23355000052,cert_52.pdf,Business 52 description,Business 52 address,retail,True,2024-11-21 08:42:03.219869,2024-10-19 12:10:35.204512
53,8,Business 53,business53@example.com,+23355000053,cert_53.pdf,Business 53 description,Business 53 address,retail,True,2023-12-19 03:22:35.611839,2023-10-23 12:46:08.559740
54,12,Business 54,business54@example.com,+23355000054,cert_54.pdf,Business 54 description,Business 54 address,retail,True,2023-02-18 20:51:14.247848,2023-10-22 23:15:13.357734
55,75,Business 55,business55@example.com,+23355000055,cert_55.pdf,Business 55 description,Business 55 address,retail,False,2024-06-07 11:11:21.096068,2023-02-16 16:21:13.882812
56,89,Business 56,business56@example.com,+23355000056,cert_56.pdf,Business 56 description,Business 56 address,retail,False,2024-03-12 02:39:40.721935,2023-09-29 02:03:03.707717
57,31,Business 57,business57@example.com,+23355000057,cert_57.pdf,Business 57 description,Business 57 address,wholesale,False,2024-11-27 03:32:52.911780,2023-12-31 06:01:00.788645
58,39,Business 58,business58@example.com,+23355000058,cert_58.pdf,Business 58 description,Business 58 address,retail,False,2023-12-03 14:39:25.364897,2024-05-26 16:09:39.381553
59,39,Business 59,business59@example.com,+23355000059,cert_59.pdf,Business 59 description,Business 59 address,wholesale,True,2024-11-04 00:15:44.138001,2023-08-31 18:45:09.989642
60,44,Business 60,business60@example.com,+23355000060,cert_60.pdf,Business 60 description,Business 60 address,retail,True,2023-06-29 20:59:57.634787,2023-02-19 23:31:42.941484
61,8,Business 61,business61@example.com,+23355000061,cert_61.pdf,Business 61 description,Business 61 address,wholesale,True,2024-03-19 05:38:17.907197,2024-01-06 01:51:01.668226
62,7,Business 62,business62@example.com,+23355000062,cert_62.pdf,Business 62 description,Business 62 address,wholesale,False,2023-03-19 07:53:19.476732,2023-12-24 03:04:16.295622
63,51,Business 63,business63@example.com,+23355000063,cert_63.pdf,Business 63 description,Business 63 address,retail,True,2023-03-06 03:13:36.373945,2023-06-02 06:08:58.247658
64,98,Business 64,business64@example.com,+23355000064,cert_64.pdf,Business 64 description,Business 64 address,retail,False,2024-05-16 01:23:40.948106,2023-07-23 04:37:19.653456
65,23,Business 65,business65@example.com,+23355000065,cert_65.pdf,Business 65 description,Business 65 address,wholesale,True,2023-12-17 11:09:07.381603,2024-06-13 03:59:18.296847
66,63,Business 66,business66@example.com,+23355000066,cert_66.pdf,Business 66 description,Business 66 address,retail,True,2024-05-21 01:47:42.232588,2024-06-06 19:43:29.944144
67,90,Business 67,business67@example.com,+23355000067,cert_67.pdf,Business 67 description,Business 67 address,retail,True,2024-09-29 06:09:58.156190,2023-12-27 03:34:26.509875
68,77,Business 68,business68@example.com,+23355000068,cert_68.pdf,Business 68 description,Business 68 address,retail,True,2024-02-15 20:12:11.610365,2023-07-17 19:45:04.660957
69,62,Business 69,business69@example.com,+23355000069,cert_69.pdf,Business 69 description,Business 69 address,wholesale,True,2023-01-13 06:31:33.354126,2023-04-11 01:19:41.314392
70,85,Business 70,business70@example.com,+23355000070,cert_70.pdf,Business 70 description,Business 70 address,retail,False,2024-12-14 08:55:56.339217,2023-09-20 23:17:12.538947
71,85,Business 71,business71@example.com,+23355000071,cert_71.pdf,Business 71 description,Business 71 address,wholesale,True,2023-09-18 18:52:11.503675,2024-04-08 14:13:05.684803
72,12,Business 72,business72@example.com,+23355000072,cert_72.pdf,Business 72 description,Business 72 address,wholesale,True,2024-01-05 17:28:35.886787,2024-04-24 10:14:19.547664
73,62,Business 73,business73@example.com,+23355000073,cert_73.pdf,Business 73 description,Business 73 address,wholesale,False,2023-01-04 18:46:08.503511,2023-04-09 18:46:44.701989
74,93,Business 74,business74@example.com,+23355000074,cert_74.pdf,Business 74 description,Business 74 address,wholesale,True,2024-11-17 12:01:30.807014,2023-12-27 11:07:50.973337
75,20,Business 75,business75@example.com,+23355000075,cert_75.pdf,Business 75 description,Business 75 address,wholesale,True,2023-04-02 01:20:14.854953,2023-07-16 11:49:38.586252
76,47,Business 76,business76@example.com,+23355000076,cert_76.pdf,Business 76 description,Business 76 address,wholesale,True,2024-05-28 09:38:16.204766,2023-06-01 04:40:30.741699
77,68,Business 77,business77@example.com,+23355000077,cert_77.pdf,Business 77 description,Business 77 address,wholesale,True,2023-08-03 09:33:46.789220,2023-03-19 19:51:43.780150
78,98,Business 78,business78@example.com,+23355000078,cert_78.pdf,Business 78 description,Business 78 address,wholesale,False,2023-01-02 17:47:03.934694,2023-03-15 23:07:08.439049
79,14,Business 79,business79@example.com,+23355000079,cert_79.pdf,Business 79 description,Business 79 address,wholesale,True,2024-05-12 05:51:35.724990,2023-03-21 02:43:52.435932
80,93,Business 80,business80@example.com,+23355000080,cert_80.pdf,Business 80 description,Business 80 address,retail,True,2023-10-07 02:49:05.808371,2024-08-04 23:22:45.644417
81,77,Business 81,business81@example.com,+23355000081,cert_81.pdf,Business 81 description,Business 81 address,retail,True,2023-02-11 08:24:29.792403,2024-05-11 21:27:18.019964
82,8,Business 82,business82@example.com,+23355000082,cert_82.pdf,Business 82 description,Business 82 address,retail,True,2024-07-09 12:15:26.797129,2024-08-30 13:56:25.531691
83,75,Business 83,business83@example.com,+23355000083,cert_83.pdf,Business 83 description,Business 83 address,retail,False,2024-01-16 15:28:21.618764,2024-06-16 08:22:46.608034
84,43,Business 84,business84@example.com,+23355000084,cert_84.pdf,Business 84 description,Business 84 address,retail,True,2023-09-11 20:07:06.471780,2024-09-26 05:07:29.423490
85,2,Business 85,business85@example.com,+23355000085,cert_85.pdf,Business 85 description,Business 85 address,retail,False,2024-11-07 19:30:15.588060,2024-12-29 18:24:54.630638
86,82,Business 86,business86@example.com,+23355000086,cert_86.pdf,Business 86 description,Business 86 address,wholesale,True,2024-08-27 07:43:52.367401,2023-11-02 23:50:21.424324
87,82,Business 87,business87@example.com,+23355000087,cert_87.pdf,Business 87 description,Business 87 address,wholesale,True,2024-01-14 17:27:17.453438,2023-05-21 10:42:24.654332
88,89,Business 88,business88@example.com,+23355000088,cert_88.pdf,Business 88 description,Business 88 address,retail,True,2024-08-10 01:57:16.170935,2023-07-08 13:38:55.992404
89,85,Business 89,business89@example.com,+23355000089,cert_89.pdf,Business 89 description,Business 89 address,retail,False,2024-01-26 05:09:05.595327,2023-09-10 15:33:34.130443
90,43,Business 90,business90@example.com,+23355000090,cert_90.pdf,Business 90 description,Business 90 address,retail,False,2023-05-08 09:30:54.927363,2024-04-19 14:57:35.865165
91,25,Business 91,business91@example.com,+23355000091,cert_91.pdf,Business 91 description,Business 91 address,retail,True,2023-03-18 14:17:05.649128,2024-04-30 19:06:21.798791
92,25,Business 92,business92@example.com,+23355000092,cert_92.pdf,Business 92 description,Business 92 address,wholesale,False,2023-04-01 12:54:35.868741,2023-09-18 01:52:36.162824
93,62,Business 93,business93@example.com,+23355000093,cert_93.pdf,Business 93 description,Business 93 address,wholesale,True,2023-05-26 11:29:48.333143,2023-07-19 13:14:05.854404
94,77,Business 94,business94@example.com,+23355000094,cert_94.pdf,Business 94 description,Business 94 address,retail,False,2023-06-10 17:59:09.617455,2023-08-05 22:02:48.024308
95,85,Business 95,business95@example.com,+23355000095,cert_95.pdf,Business 95 description,Business 95 address,retail,False,2023-07-10 16:57:35.104829,2023-05-26 06:19:43.468067
96,53,Business 96,business96@example.com,+23355000096,cert_96.pdf,Business 96 description,Business 96 address,retail,True,2024-12-30 18:42:49.572918,2024-04-07 12:50:24.001431
97,3,Business 97,business97@example.com,+23355000097,cert_97.pdf,Business 97 description,Business 97 address,retail,True,2024-11-10 04:49:36.888337,2023-05-23 22:50:33.825488
98,90,Business 98,business98@example.com,+23355000098,cert_98.pdf,Business 98 description,Business 98 address,retail,True,2023-05-13 15:44:56.522834,2024-02-19 06:07:43.830968
99,70,Business 99,business99@example.com,+23355000099,cert_99.pdf,Business 99 description,Business 99 address,retail,True,2024-01-15 02:39:10.834579,2024-04-04 00:55:27.791118
100,5,Business 100,business100@example.com,+23355000100,cert_100.pdf,Business 100 description,Business 100 address,wholesale,False,2024-04-02 09:15:12.800387,2024-02-15 05:05:23.346898
101,75,Business 101,business101@example.com,+23355000101,cert_101.pdf,Business 101 description,Business 101 address,retail,True,2024-10-11 18:00:49.188190,2024-02-20 09:21:21.501881
102,8,Business 102,business102@example.com,+23355000102,cert_102.pdf,Business 102 description,Business 102 address,wholesale,False,2024-12-09 14:09:54.140637,2023-09-12 17:23:01.287045
103,2,Business 103,business103@example.com,+23355000103,cert_103.pdf,Business 103 description,Business 103 address,wholesale,False,2024-03-26 13:34:19.581457,2023-10-23 09:52:55.648943
104,90,Business 104,business104@example.com,+23355000104,cert_104.pdf,Business 104 description,Business 104 address,retail,True,2024-07-11 21:51:25.705816,2023-08-09 22:35:11.107449
105,16,Business 105,business105@example.com,+23355000105,cert_105.pdf,Business 105 description,Business 105 address,wholesale,True,2023-11-18 05:49:05.215816,2024-06-18 19:49:30.705664
106,7,Business 106,business106@example.com,+23355000106,cert_106.pdf,Business 106 description,Business 106 address,retail,True,2023-10-27 08:32:17.072207,2023-08-29 04:24:20.224882
107,46,Business 107,business107@example.com,+23355000107,cert_107.pdf,Business 107 description,Business 107 address,retail,False,2023-01-17 00:03:13.276967,2023-02-11 17:12:23.369127
108,14,Business 108,business108@example.com,+23355000108,cert_108.pdf,Business 108 description,Business 108 address,retail,False,2023-02-03 22:46:47.141964,2023-01-12 20:57:36.600396
109,3,Business 109,business109@example.com,+23355000109,cert_109.pdf,Business 109 description,Business 109 address,wholesale,False,2024-04-02 08:41:16.854407,2023-12-06 21:38:38.967214
110,28,Business 110,business110@example.com,+23355000110,cert_110.pdf,Business 110 description,Business 110 address,retail,False,2024-07-28 01:49:08.350305,2023-09-26 20:47:43.845094
111,75,Business 111,business111@example.com,+23355000111,cert_111.pdf,Business 111 description,Business 111 address,retail,True,2023-04-02 05:03:11.717924,2023-06-26 11:25:00.340785
112,62,Business 112,business112@example.com,+23355000112,cert_112.pdf,Business 112 description,Business 112 address,wholesale,False,2023-03-19 19:30:42.908842,2024-07-08 06:49:55.517369
113,82,Business 113,business113@example.com,+23355000113,cert_113.pdf,Business 113 description,Business 113 address,wholesale,True,2024-03-16 04:11:45.075306,2023-12-01 21:06:08.827421
114,22,Business 114,business114@example.com,+23355000114,cert_114.pdf,Business 114 description,Business 114 address,wholesale,True,2024-03-31 22:57:55.500531,2024-07-11 17:13:11.018869
115,75,Business 115,business115@example.com,+23355000115,cert_115.pdf,Business 115 description,Business 115 address,retail,False,2023-08-15 04:59:39.215501,2024-05-14 04:37:18.661176
116,30,Business 116,business116@example.com,+23355000116,cert_116.pdf,Business 116 description,Business 116 address,retail,False,2023-07-09 17:19:30.612829,2024-02-25 17:33:50.604933
117,44,Business 117,business117@example.com,+23355000117,cert_117.pdf,Business 117 description,Business 117 address,wholesale,False,2023-07-29 11:24:06.096859,2023-10-04 01:10:58.335635
118,28,Business 118,business118@example.com,+23355000118,cert_118.pdf,Business 118 description,Business 118 address,wholesale,False,2023-01-31 13:03:03.791851,2023-09-09 02:41:15.564122
119,7,Business 119,business119@example.com,+23355000119,cert_119.pdf,Business 119 description,Business 119 address,retail,False,2024-01-15 06:19:52.285166,2024-01-08 19:44:07.888958
120,47,Business 120,business120@example.com,+23355000120,cert_120.pdf,Business 120 description,Business 120 address,retail,True,2024-01-21 19:22:39.514840,2024-07-24 12:57:53.956398
121,51,Business 121,business121@example.com,+23355000121,cert_121.pdf,Business 121 description,Business 121 address,retail,False,2023-12-14 14:02:47.640904,2024-02-25 19:26:54.601642
122,23,Business 122,business122@example.com,+23355000122,cert_122.pdf,Business 122 description,Business 122 address,wholesale,False,2023-06-09 22:14:27.228137,2024-04-25 08:57:10.420301
123,5,Business 123,business123@example.com,+23355000123,cert_123.pdf,Business 123 description,Business 123 address,wholesale,True,2023-07-27 07:32:41.143379,2024-11-01 10:34:00.398404
124,70,Business 124,business124@example.com,+23355000124,cert_124.pdf,Business 124 description,Business 124 address,retail,False,2024-08-29 21:26:47.572389,2023-08-08 22:44:43.018927
125,82,Business 125,business125@example.com,+23355000125,cert_125.pdf,Business 125 description,Business 125 address,wholesale,True,2023-07-29 03:25:31.178496,2024-07-23 21:46:02.845840
126,46,Business 126,business126@example.com,+23355000126,cert_126.pdf,Business 126 description,Business 126 address,retail,False,2023-03-29 10:07:53.930850,2023-10-21 20:33:12.998799
127,98,Business 127,business127@example.com,+23355000127,cert_127.pdf,Business 127 description,Business 127 address,wholesale,True,2024-05-20 05:15:27.997682,2024-06-09 02:39:46.186573
128,28,Business 128,business128@example.com,+23355000128,cert_128.pdf,Business 128 description,Business 128 address,wholesale,False,2023-09-23 20:27:24.715591,2024-01-24 01:45:14.434245
129,68,Business 129,business129@example.com,+23355000129,cert_129.pdf,Business 129 description,Business 129 address,retail,True,2023-08-23 11:13:28.903545,2024-12-29 12:42:35.798750
130,68,Business 130,business130@example.com,+23355000130,cert_130.pdf,Business 130 description,Business 130 address,retail,True,2024-12-23 14:45:45.663505,2023-04-03 10:41:45.353683
131,63,Business 131,business131@example.com,+23355000131,cert_131.pdf,Business 131 description,Business 131 address,retail,False,2024-09-11 13:26:53.325306,2024-03-31 10:26:40.711887
132,7,Business 132,business132@example.com,+23355000132,cert_132.pdf,Business 132 description,Business 132 address,retail,True,2024-11-28 02:48:31.517399,2024-11-11 03:32:29.261213
133,25,Business 133,business133@example.com,+23355000133,cert_133.pdf,Business 133 description,Business 133 address,retail,True,2024-07-12 22:54:43.867660,2023-09-18 17:17:34.005341
134,88,Business 134,business134@example.com,+23355000134,cert_134.pdf,Business 134 description,Business 134 address,retail,False,2023-07-27 10:10:50.705663,2023-04-30 09:33:02.442976
135,20,Business 135,business135@example.com,+23355000135,cert_135.pdf,Business 135 description,Business 135 address,retail,False,2024-12-12 14:17:31.280053,2023-07-18 02:54:41.394003
136,77,Business 136,business136@example.com,+23355000136,cert_136.pdf,Business 136 description,Business 136 address,retail,False,2023-11-04 18:12:51.394734,2023-09-25 18:33:17.698316
137,75,Business 137,business137@example.com,+23355000137,cert_137.pdf,Business 137 description,Business 137 address,retail,False,2023-06-21 05:39:02.661290,2023-01-03 05:45:00.448434
138,77,Business 138,business138@example.com,+23355000138,cert_138.pdf,Business 138 description,Business 138 address,retail,True,2024-04-07 02:33:41.823486,2023-01-23 16:10:19.481700
139,75,Business 139,business139@example.com,+23355000139,cert_139.pdf,Business 139 description,Business 139 address,wholesale,True,2024-09-21 09:08:19.383724,2024-04-07 19:56:28.555254
140,20,Business 140,business140@example.com,+23355000140,cert_140.pdf,Business 140 description,Business 140 address,wholesale,True,2023-01-16 21:19:44.737144,2024-04-10 20:17:05.070262
141,16,Business 141,business141@example.com,+23355000141,cert_141.pdf,Business 141 description,Business 141 address,retail,False,2024-11-01 18:32:52.953159,2023-05-29 17:52:12.627240
142,2,Business 142,business142@example.com,+23355000142,cert_142.pdf,Business 142 description,Business 142 address,wholesale,True,2024-06-03 01:20:35.370501,2024-12-04 10:15:08.689223
143,96,Business 143,business143@example.com,+23355000143,cert_143.pdf,Business 143 description,Business 143 address,retail,True,2023-10-07 16:26:05.024789,2023-09-20 03:06:03.450861
144,28,Business 144,business144@example.com,+23355000144,cert_144.pdf,Business 144 description,Business 144 address,wholesale,True,2023-12-31 20:57:17.456726,2024-09-24 18:23:41.385025
145,39,Business 145,business145@example.com,+23355000145,cert_145.pdf,Business 145 description,Business 145 address,wholesale,False,2024-01-02 03:27:47.369826,2023-10-26 03:04:59.508982
146,77,Business 146,business146@example.com,+23355000146,cert_146.pdf,Business 146 description,Business 146 address,wholesale,True,2023-06-01 07:00:20.802824,2024-09-17 04:34:33.673583
147,46,Business 147,business147@example.com,+23355000147,cert_147.pdf,Business 147 description,Business 147 address,wholesale,True,2023-02-25 09:43:51.312129,2023-09-23 21:24:33.424987
148,47,Business 148,business148@example.com,+23355000148,cert_148.pdf,Business 148 description,Business 148 address,wholesale,True,2024-01-26 00:17:08.597638,2024-05-13 20:54:05.622381
149,44,Business 149,business149@example.com,+23355000149,cert_149.pdf,Business 149 description,Business 149 address,retail,False,2023-03-23 03:57:39.782657,2024-05-28 11:52:53.855434
150,5,Business 150,business150@example.com,+23355000150,cert_150.pdf,Business 150 description,Business 150 address,wholesale,True,2023-06-12 01:46:05.323324,2023-07-09 09:56:48.990534
151,30,Business 151,business151@example.com,+23355000151,cert_151.pdf,Business 151 description,Business 151 address,retail,False,2023-02-16 18:01:46.209699,2024-02-21 04:17:46.815661
152,2,Business 152,business152@example.com,+23355000152,cert_152.pdf,Business 152 description,Business 152 address,wholesale,True,2024-07-15 03:30:17.634228,2024-07-02 19:43:41.119174
153,5,Business 153,business153@example.com,+23355000153,cert_153.pdf,Business 153 description,Business 153 address,wholesale,False,2024-07-21 23:18:17.046692,2023-06-05 12:35:36.209010
154,23,Business 154,business154@example.com,+23355000154,cert_154.pdf,Business 154 description,Business 154 address,wholesale,False,2023-11-15 21:56:58.100414,2023-07-05 17:16:02.680612
155,5,Business 155,business155@example.com,+23355000155,cert_155.pdf,Business 155 description,Business 155 address,retail,True,2024-11-16 11:31:52.725776,2023-01-15 19:28:41.976808
156,90,Business 156,business156@example.com,+23355000156,cert_156.pdf,Business 156 description,Business 156 address,retail,True,2024-01-23 02:19:51.036783,2024-11-30 09:32:54.743970
157,3,Business 157,business157@example.com,+23355000157,cert_157.pdf,Business 157 description,Business 157 address,retail,True,2023-01-25 10:30:33.033651,2024-04-14 10:28:23.724343
158,7,Business 158,business158@example.com,+23355000158,cert_158.pdf,Business 158 description,Business 158 address,retail,True,2023-04-19 01:54:48.057952,2024-10-01 19:49:22.650312
159,8,Business 159,business159@example.com,+23355000159,cert_159.pdf,Business 159 description,Business 159 address,retail,True,2024-06-02 12:19:00.426446,2023-06-14 00:57:04.059623
160,96,Business 160,business160@example.com,+23355000160,cert_160.pdf,Business 160 description,Business 160 address,wholesale,True,2024-05-11 15:09:32.553447,2024-03-16 02:25:49.775415
161,22,Business 161,business161@example.com,+23355000161,cert_161.pdf,Business 161 description,Business 161 address,retail,False,2024-08-12 14:28:59.926116,2023-02-06 07:33:47.251185
162,47,Business 162,business162@example.com,+23355000162,cert_162.pdf,Business 162 description,Business 162 address,retail,True,2024-11-06 21:11:30.599319,2023-04-21 17:21:44.016745
163,46,Business 163,business163@example.com,+23355000163,cert_163.pdf,Business 163 description,Business 163 address,retail,True,2023-02-04 12:05:53.465608,2024-12-18 03:25:19.858648
164,90,Business 164,business164@example.com,+23355000164,cert_164.pdf,Business 164 description,Business 164 address,wholesale,False,2024-05-06 09:25:23.935882,2024-03-03 04:22:40.381668
165,14,Business 165,business165@example.com,+23355000165,cert_165.pdf,Business 165 description,Business 165 address,retail,False,2024-04-10 12:55:46.834440,2024-07-25 12:28:42.661180
166,85,Business 166,business166@example.com,+23355000166,cert_166.pdf,Business 166 description,Business 166 address,wholesale,True,2024-05-25 01:43:36.495126,2024-01-05 20:41:06.686527
167,43,Business 167,business167@example.com,+23355000167,cert_167.pdf,Business 167 description,Business 167 address,retail,True,2024-06-28 23:24:23.953684,2024-11-27 03:29:29.959995
168,8,Business 168,business168@example.com,+23355000168,cert_168.pdf,Business 168 description,Business 168 address,wholesale,False,2024-05-07 21:34:37.332868,2024-05-28 01:49:06.288294
169,28,Business 169,business169@example.com,+23355000169,cert_169.pdf,Business 169 description,Business 169 address,retail,True,2024-09-15 08:44:46.877100,2024-02-17 16:24:15.819367
170,14,Business 170,business170@example.com,+23355000170,cert_170.pdf,Business 170 description,Business 170 address,wholesale,True,2023-11-14 12:41:55.395698,2023-12-24 09:56:27.313458
171,46,Business 171,business171@example.com,+23355000171,cert_171.pdf,Business 171 description,Business 171 address,retail,True,2024-07-24 03:14:13.237387,2024-05-24 22:34:12.726685
172,7,Business 172,business172@example.com,+23355000172,cert_172.pdf,Business 172 description,Business 172 address,wholesale,True,2023-08-15 14:07:53.363470,2023-07-03 03:05:05.260794
173,90,Business 173,business173@example.com,+23355000173,cert_173.pdf,Business 173 description,Business 173 address,retail,True,2024-12-31 06:43:28.205415,2023-05-30 21:30:40.912001
174,3,Business 174,business174@example.com,+23355000174,cert_174.pdf,Business 174 description,Business 174 address,retail,True,2024-05-24 00:26:57.778605,2023-05-17 01:35:17.347770
175,3,Business 175,business175@example.com,+23355000175,cert_175.pdf,Business 175 description,Business 175 address,wholesale,True,2023-08-05 20:45:59.242185,2024-01-15 06:34:06.820652
176,75,Business 176,business176@example.com,+23355000176,cert_176.pdf,Business 176 description,Business 176 address,wholesale,False,2023-08-27 21:11:37.479597,2024-04-04 07:07:28.096595
177,23,Business 177,business177@example.com,+23355000177,cert_177.pdf,Business 177 description,Business 177 address,wholesale,False,2024-08-13 01:50:55.570508,2024-05-11 00:09:19.429618
178,44,Business 178,business178@example.com,+23355000178,cert_178.pdf,Business 178 description,Business 178 address,retail,False,2024-07-12 10:08:13.994376,2024-07-31 18:42:27.910542
179,47,Business 179,business179@example.com,+23355000179,cert_179.pdf,Business 179 description,Business 179 address,retail,False,2023-05-12 03:38:41.163738,2023-02-01 11:46:57.126525
180,44,Business 180,business180@example.com,+23355000180,cert_180.pdf,Business 180 description,Business 180 address,wholesale,False,2023-09-08 08:36:17.743077,2024-08-06 14:03:21.762434
181,23,Business 181,business181@example.com,+23355000181,cert_181.pdf,Business 181 description,Business 181 address,wholesale,False,2024-11-01 06:58:11.957470,2024-03-30 14:12:42.377094
182,14,Business 182,business182@example.com,+23355000182,cert_182.pdf,Business 182 description,Business 182 address,retail,True,2024-06-20 09:33:19.981322,2023-07-21 22:56:20.418666
183,5,Business 183,business183@example.com,+23355000183,cert_183.pdf,Business 183 description,Business 183 address,wholesale,True,2023-02-03 19:45:08.201399,2023-11-30 09:04:28.617269
184,3,Business 184,business184@example.com,+23355000184,cert_184.pdf,Business 184 description,Business 184 address,wholesale,False,2023-11-07 05:14:04.885027,2023-12-29 16:34:07.362695
185,7,Business 185,business185@example.com,+23355000185,cert_185.pdf,Business 185 description,Business 185 address,retail,True,2023-09-06 00:12:28.662149,2024-08-07 02:49:51.186840
186,23,Business 186,business186@example.com,+23355000186,cert_186.pdf,Business 186 description,Business 186 address,retail,True,2024-11-26 20:32:21.586205,2023-05-03 10:14:08.987905
187,93,Business 187,business187@example.com,+23355000187,cert_187.pdf,Business 187 description,Business 187 address,wholesale,True,2024-08-11 01:38:18.307770,2023-08-24 12:55:17.137248
188,39,Business 188,business188@example.com,+23355000188,cert_188.pdf,Business 188 description,Business 188 address,retail,True,2023-01-18 08:46:42.742020,2023-10-30 15:02:13.977880
189,77,Business 189,business189@example.com,+23355000189,cert_189.pdf,Business 189 description,Business 189 address,wholesale,True,2023-08-17 04:01:52.978910,2023-04-14 03:16:28.100631
190,30,Business 190,business190@example.com,+23355000190,cert_190.pdf,Business 190 description,Business 190 address,retail,False,2023-04-06 02:07:31.970399,2024-02-27 05:41:09.392748
191,39,Business 191,business191@example.com,+23355000191,cert_191.pdf,Business 191 description,Business 191 address,retail,True,2024-06-11 13:06:32.105758,2024-03-13 16:20:50.437615
192,98,Business 192,business192@example.com,+23355000192,cert_192.pdf,Business 192 description,Business 192 address,retail,True,2024-08-11 23:06:36.315747,2024-11-25 11:23:05.036672
193,47,Business 193,business193@example.com,+23355000193,cert_193.pdf,Business 193 description,Business 193 address,wholesale,False,2024-07-22 20:10:23.139441,2023-11-15 15:55:42.320564
194,30,Business 194,business194@example.com,+23355000194,cert_194.pdf,Business 194 description,Business 194 address,retail,False,2024-03-20 18:31:02.272942,2023-01-24 07:16:41.599516
195,7,Business 195,business195@example.com,+23355000195,cert_195.pdf,Business 195 description,Business 195 address,retail,False,2024-01-16 02:42:37.779283,2023-11-03 03:26:23.217329
196,22,Business 196,business196@example.com,+23355000196,cert_196.pdf,Business 196 description,Business 196 address,wholesale,False,2024-05-07 11:30:10.177269,2024-12-15 12:21:29.574296
197,77,Business 197,business197@example.com,+23355000197,cert_197.pdf,Business 197 description,Business 197 address,retail,False,2024-06-10 10:33:07.464640,2023-10-28 02:42:00.850492
198,28,Business 198,business198@example.com,+23355000198,cert_198.pdf,Business 198 description,Business 198 address,wholesale,False,2024-09-04 23:22:41.946492,2023-07-20 10:18:06.836381
199,82,Business 199,business199@example.com,+23355000199,cert_199.pdf,Business 199 description,Business 199 address,wholesale,False,2023-06-26 16:07:51.020922,2024-09-02 05:08:45.853366
200,46,Business 200,business200@example.com,+23355000200,cert_200.pdf,Business 200 description,Business 200 address,retail,True,2023-06-08 15:35:10.658875,2023-03-09 19:17:22.330536
201,51,Business 201,business201@example.com,+23355000201,cert_201.pdf,Business 201 description,Business 201 address,wholesale,False,2024-05-07 22:01:33.866388,2023-08-09 23:19:12.439879
202,44,Business 202,business202@example.com,+23355000202,cert_202.pdf,Business 202 description,Business 202 address,retail,True,2024-04-15 20:38:50.679367,2023-06-11 00:32:58.672321
203,12,Business 203,business203@example.com,+23355000203,cert_203.pdf,Business 203 description,Business 203 address,retail,False,2023-02-16 16:10:46.341482,2024-10-08 03:19:56.039061
204,3,Business 204,business204@example.com,+23355000204,cert_204.pdf,Business 204 description,Business 204 address,retail,True,2023-03-31 18:58:07.249586,2024-08-31 02:17:09.006775
205,28,Business 205,business205@example.com,+23355000205,cert_205.pdf,Business 205 description,Business 205 address,retail,True,2023-06-23 07:11:59.273628,2024-02-10 19:22:17.224159
206,39,Business 206,business206@example.com,+23355000206,cert_206.pdf,Business 206 description,Business 206 address,retail,True,2023-09-07 16:55:59.256140,2023-07-21 12:06:49.114936
207,98,Business 207,business207@example.com,+23355000207,cert_207.pdf,Business 207 description,Business 207 address,wholesale,True,2024-11-12 22:58:04.112496,2024-03-30 08:55:18.166733
208,20,Business 208,business208@example.com,+23355000208,cert_208.pdf,Business 208 description,Business 208 address,wholesale,False,2024-09-23 22:45:52.592337,2024-11-05 01:58:21.680241
209,77,Business 209,business209@example.com,+23355000209,cert_209.pdf,Business 209 description,Business 209 address,retail,False,2023-02-20 07:04:30.660343,2023-02-10 09:25:13.498172
210,53,Business 210,business210@example.com,+23355000210,cert_210.pdf,Business 210 description,Business 210 address,wholesale,False,2024-02-27 18:37:32.368185,2023-06-30 10:21:31.483763
211,31,Business 211,business211@example.com,+23355000211,cert_211.pdf,Business 211 description,Business 211 address,retail,False,2023-01-29 00:42:39.798232,2024-08-26 07:50:11.970751
212,23,Business 212,business212@example.com,+23355000212,cert_212.pdf,Business 212 description,Business 212 address,retail,False,2024-02-14 16:10:43.552710,2024-01-24 00:30:07.998913
213,12,Business 213,business213@example.com,+23355000213,cert_213.pdf,Business 213 description,Business 213 address,retail,True,2023-04-30 20:28:26.070683,2023-07-04 02:16:28.833018
214,75,Business 214,business214@example.com,+23355000214,cert_214.pdf,Business 214 description,Business 214 address,wholesale,False,2024-04-23 07:27:37.459985,2023-09-18 19:47:23.946102
215,82,Business 215,business215@example.com,+23355000215,cert_215.pdf,Business 215 description,Business 215 address,wholesale,False,2024-02-03 04:03:28.085067,2023-10-22 17:51:25.327161
216,98,Business 216,business216@example.com,+23355000216,cert_216.pdf,Business 216 description,Business 216 address,wholesale,True,2023-04-22 13:59:58.773943,2023-06-14 16:19:53.337431
217,96,Business 217,business217@example.com,+23355000217,cert_217.pdf,Business 217 description,Business 217 address,retail,True,2023-06-28 22:03:38.180164,2024-03-23 10:16:39.644118
218,88,Business 218,business218@example.com,+23355000218,cert_218.pdf,Business 218 description,Business 218 address,wholesale,False,2024-08-02 13:45:08.278637,2023-09-26 02:32:01.359676
219,28,Business 219,business219@example.com,+23355000219,cert_219.pdf,Business 219 description,Business 219 address,wholesale,False,2023-09-14 18:08:22.393662,2024-04-16 16:38:57.678203
220,22,Business 220,business220@example.com,+23355000220,cert_220.pdf,Business 220 description,Business 220 address,wholesale,True,2024-02-20 16:16:22.355027,2023-05-24 12:46:36.104534
221,23,Business 221,business221@example.com,+23355000221,cert_221.pdf,Business 221 description,Business 221 address,retail,True,2024-09-23 05:28:08.019320,2024-05-24 14:39:43.434086
222,2,Business 222,business222@example.com,+23355000222,cert_222.pdf,Business 222 description,Business 222 address,wholesale,False,2024-07-28 17:16:05.075537,2024-04-07 05:53:21.388711
223,75,Business 223,business223@example.com,+23355000223,cert_223.pdf,Business 223 description,Business 223 address,wholesale,False,2024-08-13 14:08:58.663288,2023-11-02 09:59:56.625439
224,85,Business 224,business224@example.com,+23355000224,cert_224.pdf,Business 224 description,Business 224 address,wholesale,False,2023-07-13 23:33:10.153092,2023-06-17 04:08:31.381554
225,30,Business 225,business225@example.com,+23355000225,cert_225.pdf,Business 225 description,Business 225 address,retail,False,2023-07-10 03:35:07.015271,2023-07-22 21:18:29.854298
226,77,Business 226,business226@example.com,+23355000226,cert_226.pdf,Business 226 description,Business 226 address,wholesale,True,2024-03-25 04:08:56.576497,2023-08-01 09:55:04.522254
227,31,Business 227,business227@example.com,+23355000227,cert_227.pdf,Business 227 description,Business 227 address,retail,True,2023-07-29 15:04:36.590600,2023-02-15 22:28:39.852625
228,22,Business 228,business228@example.com,+23355000228,cert_228.pdf,Business 228 description,Business 228 address,retail,False,2023-07-13 16:08:52.364368,2023-06-21 05:59:38.394022
229,8,Business 229,business229@example.com,+23355000229,cert_229.pdf,Business 229 description,Business 229 address,wholesale,False,2023-06-10 15:01:00.267589,2023-05-11 17:51:58.628228
230,30,Business 230,business230@example.com,+23355000230,cert_230.pdf,Business 230 description,Business 230 address,retail,True,2024-12-30 17:17:55.939095,2024-09-10 16:39:36.016264
231,8,Business 231,business231@example.com,+23355000231,cert_231.pdf,Business 231 description,Business 231 address,wholesale,True,2023-05-25 14:19:23.436310,2024-01-12 16:49:06.495546
232,82,Business 232,business232@example.com,+23355000232,cert_232.pdf,Business 232 description,Business 232 address,wholesale,True,2024-05-14 18:04:44.838866,2024-08-22 08:24:34.448448
233,68,Business 233,business233@example.com,+23355000233,cert_233.pdf,Business 233 description,Business 233 address,retail,True,2024-09-19 20:35:41.182518,2023-07-24 05:53:48.055447
234,12,Business 234,business234@example.com,+23355000234,cert_234.pdf,Business 234 description,Business 234 address,retail,False,2024-02-25 09:20:18.607667,2023-08-21 03:13:30.624610
235,51,Business 235,business235@example.com,+23355000235,cert_235.pdf,Business 235 description,Business 235 address,wholesale,False,2023-04-01 15:42:25.903385,2024-05-24 20:36:00.563700
236,30,Business 236,business236@example.com,+23355000236,cert_236.pdf,Business 236 description,Business 236 address,wholesale,False,2024-06-19 14:54:30.450847,2023-09-17 16:55:26.935699
237,2,Business 237,business237@example.com,+23355000237,cert_237.pdf,Business 237 description,Business 237 address,retail,True,2024-01-17 03:16:15.237756,2023-03-02 08:02:48.539831
238,47,Business 238,business238@example.com,+23355000238,cert_238.pdf,Business 238 description,Business 238 address,wholesale,False,2023-09-14 01:50:46.228120,2023-06-11 22:36:53.085161
239,31,Business 239,business239@example.com,+23355000239,cert_239.pdf,Business 239 description,Business 239 address,wholesale,True,2024-05-27 11:42:38.138054,2023-01-24 09:08:17.174360
240,25,Business 240,business240@example.com,+23355000240,cert_240.pdf,Business 240 description,Business 240 address,wholesale,False,2023-03-08 19:31:12.587668,2024-12-27 16:57:15.091390
241,46,Business 241,business241@example.com,+23355000241,cert_241.pdf,Business 241 description,Business 241 address,wholesale,True,2024-03-05 16:47:43.839331,2024-11-08 06:24:58.252063
242,23,Business 242,business242@example.com,+23355000242,cert_242.pdf,Business 242 description,Business 242 address,wholesale,True,2023-03-01 11:58:22.682630,2024-12-28 03:45:04.850823
243,90,Business 243,business243@example.com,+23355000243,cert_243.pdf,Business 243 description,Business 243 address,retail,False,2024-09-20 19:59:17.483928,2024-05-18 17:56:59.558688
244,63,Business 244,business244@example.com,+23355000244,cert_244.pdf,Business 244 description,Business 244 address,wholesale,True,2024-03-10 02:06:18.091382,2024-01-11 08:17:55.796655
245,30,Business 245,business245@example.com,+23355000245,cert_245.pdf,Business 245 description,Business 245 address,wholesale,True,2024-10-16 08:11:10.577958,2023-03-30 07:13:19.432897
246,16,Business 246,business246@example.com,+23355000246,cert_246.pdf,Business 246 description,Business 246 address,wholesale,False,2023-04-30 12:03:55.372965,2024-11-28 20:17:59.672851
247,53,Business 247,business247@example.com,+23355000247,cert_247.pdf,Business 247 description,Business 247 address,wholesale,False,2024-06-23 04:31:14.683214,2024-02-28 09:40:26.277746
248,68,Business 248,business248@example.com,+23355000248,cert_248.pdf,Business 248 description,Business 248 address,retail,True,2024-11-04 15:30:20.105958,2023-10-17 04:27:29.519229
249,39,Business 249,business249@example.com,+23355000249,cert_249.pdf,Business 249 description,Business 249 address,wholesale,False,2024-05-22 04:37:15.718607,2024-04-02 13:56:51.990282
250,44,Business 250,business250@example.com,+23355000250,cert_250.pdf,Business 250 description,Business 250 address,retail,True,2024-04-28 09:35:06.891947,2024-05-06 21:02:33.735029
251,46,Business 251,business251@example.com,+23355000251,cert_251.pdf,Business 251 description,Business 251 address,retail,False,2024-08-21 23:15:12.831101,2024-02-10 08:52:13.231926
252,7,Business 252,business252@example.com,+23355000252,cert_252.pdf,Business 252 description,Business 252 address,retail,True,2024-09-08 12:04:15.963299,2024-09-02 05:23:25.579065
253,43,Business 253,business253@example.com,+23355000253,cert_253.pdf,Business 253 description,Business 253 address,retail,True,2024-12-06 01:47:44.059024,2024-10-27 23:24:13.469399
254,30,Business 254,business254@example.com,+23355000254,cert_254.pdf,Business 254 description,Business 254 address,wholesale,True,2024-06-14 10:07:32.942402,2023-01-16 03:03:34.095464
255,82,Business 255,business255@example.com,+23355000255,cert_255.pdf,Business 255 description,Business 255 address,retail,False,2024-05-07 03:41:24.562266,2024-06-18 21:25:07.645467
256,3,Business 256,business256@example.com,+23355000256,cert_256.pdf,Business 256 description,Business 256 address,retail,True,2023-09-20 06:06:37.547088,2023-10-10 04:22:14.919882
257,62,Business 257,business257@example.com,+23355000257,cert_257.pdf,Business 257 description,Business 257 address,wholesale,True,2023-06-10 19:52:45.890648,2023-09-07 08:49:11.931358
258,51,Business 258,business258@example.com,+23355000258,cert_258.pdf,Business 258 description,Business 258 address,retail,True,2023-11-15 02:53:22.632789,2023-10-29 20:24:48.507197
259,90,Business 259,business259@example.com,+23355000259,cert_259.pdf,Business 259 description,Business 259 address,retail,True,2024-05-09 06:43:59.395922,2024-11-16 10:50:43.400490
260,82,Business 260,business260@example.com,+23355000260,cert_260.pdf,Business 260 description,Business 260 address,wholesale,False,2024-05-13 14:43:10.847926,2024-03-02 09:32:32.733584
261,62,Business 261,business261@example.com,+23355000261,cert_261.pdf,Business 261 description,Business 261 address,retail,False,2023-04-07 11:20:26.159517,2023-12-18 20:57:18.425134
262,20,Business 262,business262@example.com,+23355000262,cert_262.pdf,Business 262 description,Business 262 address,retail,False,2023-04-22 15:17:40.547240,2024-01-21 07:55:14.912364
263,89,Business 263,business263@example.com,+23355000263,cert_263.pdf,Business 263 description,Business 263 address,wholesale,True,2023-06-30 08:07:09.139595,2023-09-20 23:35:50.068022
264,70,Business 264,business264@example.com,+23355000264,cert_264.pdf,Business 264 description,Business 264 address,retail,True,2023-04-30 00:59:59.005371,2023-11-26 21:50:18.381717
265,25,Business 265,business265@example.com,+23355000265,cert_265.pdf,Business 265 description,Business 265 address,retail,True,2024-04-23 21:35:31.910619,2023-05-23 22:11:28.757875
266,3,Business 266,business266@example.com,+23355000266,cert_266.pdf,Business 266 description,Business 266 address,retail,False,2023-02-03 02:26:06.580420,2023-06-18 05:16:43.564123
267,7,Business 267,business267@example.com,+23355000267,cert_267.pdf,Business 267 description,Business 267 address,retail,True,2024-05-13 11:10:03.359026,2024-12-28 10:30:31.069970
268,68,Business 268,business268@example.com,+23355000268,cert_268.pdf,Business 268 description,Business 268 address,wholesale,False,2023-09-02 03:42:19.081963,2024-10-01 02:02:00.754167
269,96,Business 269,business269@example.com,+23355000269,cert_269.pdf,Business 269 description,Business 269 address,retail,True,2024-11-27 23:47:17.772192,2023-03-30 03:09:55.160323
270,98,Business 270,business270@example.com,+23355000270,cert_270.pdf,Business 270 description,Business 270 address,wholesale,True,2024-04-10 18:53:47.145300,2023-05-28 12:03:40.407078
271,51,Business 271,business271@example.com,+23355000271,cert_271.pdf,Business 271 description,Business 271 address,retail,True,2023-04-27 05:32:03.811402,2023-09-12 03:11:04.202963
272,47,Business 272,business272@example.com,+23355000272,cert_272.pdf,Business 272 description,Business 272 address,wholesale,True,2023-03-08 10:06:20.702877,2024-06-23 15:55:24.430590
273,90,Business 273,business273@example.com,+23355000273,cert_273.pdf,Business 273 description,Business 273 address,retail,True,2024-04-08 12:02:21.240699,2023-09-29 04:03:17.632767
274,77,Business 274,business274@example.com,+23355000274,cert_274.pdf,Business 274 description,Business 274 address,wholesale,True,2023-03-22 08:22:13.524824,2024-09-17 10:27:21.148288
275,68,Business 275,business275@example.com,+23355000275,cert_275.pdf,Business 275 description,Business 275 address,wholesale,False,2023-01-28 09:26:51.109914,2023-06-04 23:11:14.119455
276,93,Business 276,business276@example.com,+23355000276,cert_276.pdf,Business 276 description,Business 276 address,retail,True,2024-05-20 14:49:36.528971,2024-10-02 16:13:19.563847
277,20,Business 277,business277@example.com,+23355000277,cert_277.pdf,Business 277 description,Business 277 address,retail,False,2023-08-12 14:50:58.932006,2023-04-05 20:41:10.025317
278,90,Business 278,business278@example.com,+23355000278,cert_278.pdf,Business 278 description,Business 278 address,wholesale,True,2024-10-14 17:12:55.683202,2023-12-23 13:28:21.599137
279,77,Business 279,business279@example.com,+23355000279,cert_279.pdf,Business 279 description,Business 279 address,wholesale,True,2024-08-20 08:33:37.066438,2023-12-25 23:06:48.728243
280,14,Business 280,business280@example.com,+23355000280,cert_280.pdf,Business 280 description,Business 280 address,retail,True,2023-08-12 03:13:14.171937,2024-06-16 03:48:44.208612
281,20,Business 281,business281@example.com,+23355000281,cert_281.pdf,Business 281 description,Business 281 address,retail,True,2023-12-28 21:09:17.243475,2024-09-20 14:20:07.738452
282,77,Business 282,business282@example.com,+23355000282,cert_282.pdf,Business 282 description,Business 282 address,wholesale,True,2024-08-20 01:58:18.910667,2024-10-31 01:21:47.989140
283,28,Business 283,business283@example.com,+23355000283,cert_283.pdf,Business 283 description,Business 283 address,retail,True,2024-01-24 00:11:18.956705,2023-08-23 02:46:52.228169
284,62,Business 284,business284@example.com,+23355000284,cert_284.pdf,Business 284 description,Business 284 address,retail,True,2023-11-16 08:46:38.263814,2024-01-27 18:17:11.786146
285,53,Business 285,business285@example.com,+23355000285,cert_285.pdf,Business 285 description,Business 285 address,retail,True,2023-09-23 00:16:39.643151,2024-10-04 03:34:29.093063
286,90,Business 286,business286@example.com,+23355000286,cert_286.pdf,Business 286 description,Business 286 address,retail,True,2024-06-26 02:40:47.466879,2023-06-01 12:37:02.866837
287,62,Business 287,business287@example.com,+23355000287,cert_287.pdf,Business 287 description,Business 287 address,wholesale,False,2024-09-29 13:29:34.152071,2023-06-21 00:48:17.387997
288,47,Business 288,business288@example.com,+23355000288,cert_288.pdf,Business 288 description,Business 288 address,wholesale,False,2023-01-02 09:09:49.451750,2024-01-07 14:16:59.021117
289,25,Business 289,business289@example.com,+23355000289,cert_289.pdf,Business 289 description,Business 289 address,retail,False,2023-11-22 01:24:00.260520,2023-01-29 11:39:03.905927
290,62,Business 290,business290@example.com,+23355000290,cert_290.pdf,Business 290 description,Business 290 address,wholesale,False,2024-09-17 23:20:52.959303,2023-09-07 23:13:54.713850
291,82,Business 291,business291@example.com,+23355000291,cert_291.pdf,Business 291 description,Business 291 address,wholesale,False,2023-04-12 14:12:27.693755,2024-08-03 01:23:34.827385
292,85,Business 292,business292@example.com,+23355000292,cert_292.pdf,Business 292 description,Business 292 address,wholesale,True,2024-05-22 20:13:14.405584,2024-09-07 23:09:28.356737
293,85,Business 293,business293@example.com,+23355000293,cert_293.pdf,Business 293 description,Business 293 address,wholesale,True,2024-09-19 20:47:24.204790,2023-10-21 10:39:36.235614
294,39,Business 294,business294@example.com,+23355000294,cert_294.pdf,Business 294 description,Business 294 address,wholesale,False,2024-01-23 01:15:28.537841,2023-06-17 07:18:58.572218
295,22,Business 295,business295@example.com,+23355000295,cert_295.pdf,Business 295 description,Business 295 address,retail,True,2023-01-26 14:59:53.163247,2023-06-03 03:14:23.425051
296,85,Business 296,business296@example.com,+23355000296,cert_296.pdf,Business 296 description,Business 296 address,wholesale,True,2023-10-02 05:45:20.888219,2024-10-09 04:15:33.563205
297,23,Business 297,business297@example.com,+23355000297,cert_297.pdf,Business 297 description,Business 297 address,retail,True,2024-10-11 23:30:29.799547,2023-09-08 04:42:17.426240
298,44,Business 298,business298@example.com,+23355000298,cert_298.pdf,Business 298 description,Business 298 address,retail,False,2023-08-19 06:43:14.324828,2023-12-24 14:50:49.265246
299,39,Business 299,business299@example.com,+23355000299,cert_299.pdf,Business 299 description,Business 299 address,retail,False,2024-05-16 05:56:13.036892,2024-04-12 03:18:11.034265
300,2,Business 300,business300@example.com,+23355000300,cert_300.pdf,Business 300 description,Business 300 address,wholesale,False,2023-03-07 11:26:56.292100,2023-11-07 00:28:19.052885
301,28,Business 301,business301@example.com,+23355000301,cert_301.pdf,Business 301 description,Business 301 address,wholesale,False,2024-08-18 13:48:37.735565,2024-12-07 00:35:11.154957
302,25,Business 302,business302@example.com,+23355000302,cert_302.pdf,Business 302 description,Business 302 address,retail,True,2023-11-19 09:00:57.615629,2024-05-22 20:47:44.372026
303,7,Business 303,business303@example.com,+23355000303,cert_303.pdf,Business 303 description,Business 303 address,wholesale,True,2024-02-02 00:39:57.249331,2024-01-28 03:43:59.982238
304,82,Business 304,business304@example.com,+23355000304,cert_304.pdf,Business 304 description,Business 304 address,retail,False,2023-04-03 23:54:30.788838,2024-04-16 03:27:35.439216
305,46,Business 305,business305@example.com,+23355000305,cert_305.pdf,Business 305 description,Business 305 address,retail,False,2023-08-10 17:06:03.614372,2024-02-03 20:59:15.143854
306,2,Business 306,business306@example.com,+23355000306,cert_306.pdf,Business 306 description,Business 306 address,retail,True,2024-05-20 22:13:47.816868,2024-05-15 23:07:47.606336
307,3,Business 307,business307@example.com,+23355000307,cert_307.pdf,Business 307 description,Business 307 address,wholesale,True,2023-05-25 06:18:39.213806,2023-10-03 08:43:59.079202
308,3,Business 308,business308@example.com,+23355000308,cert_308.pdf,Business 308 description,Business 308 address,wholesale,True,2023-06-22 09:17:46.981771,2024-05-03 19:38:46.613401
309,31,Business 309,business309@example.com,+23355000309,cert_309.pdf,Business 309 description,Business 309 address,wholesale,False,2023-08-12 10:43:55.301268,2024-03-23 18:48:11.998234
310,43,Business 310,business310@example.com,+23355000310,cert_310.pdf,Business 310 description,Business 310 address,wholesale,True,2023-07-17 06:18:58.019838,2024-06-08 01:53:25.848496
311,7,Business 311,business311@example.com,+23355000311,cert_311.pdf,Business 311 description,Business 311 address,retail,False,2023-05-13 22:32:59.800904,2024-03-25 00:15:23.420561
312,16,Business 312,business312@example.com,+23355000312,cert_312.pdf,Business 312 description,Business 312 address,retail,True,2023-09-01 21:24:56.926932,2023-12-08 16:32:02.926556
313,88,Business 313,business313@example.com,+23355000313,cert_313.pdf,Business 313 description,Business 313 address,retail,True,2024-11-15 16:47:33.830248,2024-05-25 01:42:19.367802
314,51,Business 314,business314@example.com,+23355000314,cert_314.pdf,Business 314 description,Business 314 address,retail,True,2024-10-11 01:20:02.567676,2023-06-29 10:18:55.472434
315,47,Business 315,business315@example.com,+23355000315,cert_315.pdf,Business 315 description,Business 315 address,retail,True,2023-04-03 20:36:54.319153,2023-09-28 14:35:57.881462
316,5,Business 316,business316@example.com,+23355000316,cert_316.pdf,Business 316 description,Business 316 address,retail,False,2024-04-27 12:22:05.649239,2024-08-28 18:54:49.570390
317,85,Business 317,business317@example.com,+23355000317,cert_317.pdf,Business 317 description,Business 317 address,retail,True,2023-09-26 05:13:04.941387,2023-04-16 13:53:38.268408
318,82,Business 318,business318@example.com,+23355000318,cert_318.pdf,Business 318 description,Business 318 address,retail,False,2023-07-01 22:59:50.235260,2023-12-16 22:52:22.731790
319,43,Business 319,business319@example.com,+23355000319,cert_319.pdf,Business 319 description,Business 319 address,retail,True,2024-01-02 03:02:44.907881,2024-06-06 11:06:36.487184
320,23,Business 320,business320@example.com,+23355000320,cert_320.pdf,Business 320 description,Business 320 address,retail,False,2024-03-10 22:12:27.478823,2024-10-01 08:48:02.397172
321,89,Business 321,business321@example.com,+23355000321,cert_321.pdf,Business 321 description,Business 321 address,wholesale,False,2024-11-25 17:01:35.810044,2024-04-30 12:35:00.568054
322,88,Business 322,business322@example.com,+23355000322,cert_322.pdf,Business 322 description,Business 322 address,wholesale,True,2024-12-12 15:08:59.762383,2023-03-01 22:43:44.663157
323,98,Business 323,business323@example.com,+23355000323,cert_323.pdf,Business 323 description,Business 323 address,retail,False,2024-06-24 11:14:19.318117,2024-04-05 01:26:39.465056
324,31,Business 324,business324@example.com,+23355000324,cert_324.pdf,Business 324 description,Business 324 address,retail,True,2024-09-15 12:58:26.089786,2023-08-20 08:07:22.883636
325,63,Business 325,business325@example.com,+23355000325,cert_325.pdf,Business 325 description,Business 325 address,retail,False,2023-04-17 15:38:01.292351,2023-07-21 19:53:25.654573
326,51,Business 326,business326@example.com,+23355000326,cert_326.pdf,Business 326 description,Business 326 address,wholesale,True,2024-12-17 19:34:52.210137,2024-06-05 08:33:50.458314
327,7,Business 327,business327@example.com,+23355000327,cert_327.pdf,Business 327 description,Business 327 address,wholesale,False,2024-08-18 10:50:42.991247,2024-06-26 08:57:49.574924
328,22,Business 328,business328@example.com,+23355000328,cert_328.pdf,Business 328 description,Business 328 address,wholesale,True,2024-04-19 11:58:28.918529,2023-11-20 06:19:30.828441
329,8,Business 329,business329@example.com,+23355000329,cert_329.pdf,Business 329 description,Business 329 address,wholesale,False,2024-08-02 14:27:03.845109,2023-02-14 01:02:59.063205
330,5,Business 330,business330@example.com,+23355000330,cert_330.pdf,Business 330 description,Business 330 address,retail,False,2023-08-18 17:11:34.440104,2024-01-02 11:17:50.534660
331,82,Business 331,business331@example.com,+23355000331,cert_331.pdf,Business 331 description,Business 331 address,retail,False,2023-07-18 10:47:09.136317,2024-09-13 17:16:09.881111
332,44,Business 332,business332@example.com,+23355000332,cert_332.pdf,Business 332 description,Business 332 address,retail,True,2024-04-15 00:14:33.147253,2023-06-18 12:35:21.892629
333,77,Business 333,business333@example.com,+23355000333,cert_333.pdf,Business 333 description,Business 333 address,wholesale,False,2024-07-13 07:22:40.581676,2023-10-13 10:27:17.792119
334,82,Business 334,business334@example.com,+23355000334,cert_334.pdf,Business 334 description,Business 334 address,wholesale,True,2023-11-15 14:43:31.830419,2024-06-01 17:42:58.224212
335,85,Business 335,business335@example.com,+23355000335,cert_335.pdf,Business 335 description,Business 335 address,retail,True,2023-12-20 12:50:21.045953,2024-08-10 07:18:13.597896
336,82,Business 336,business336@example.com,+23355000336,cert_336.pdf,Business 336 description,Business 336 address,retail,False,2023-02-10 20:57:58.164476,2023-12-16 03:23:18.855798
337,47,Business 337,business337@example.com,+23355000337,cert_337.pdf,Business 337 description,Business 337 address,wholesale,False,2024-10-20 14:44:27.250155,2024-11-22 04:58:29.889742
338,7,Business 338,business338@example.com,+23355000338,cert_338.pdf,Business 338 description,Business 338 address,wholesale,False,2024-08-09 01:01:25.681013,2023-03-12 03:33:29.701180
339,68,Business 339,business339@example.com,+23355000339,cert_339.pdf,Business 339 description,Business 339 address,retail,True,2024-11-24 00:47:42.778354,2023-04-05 02:47:22.104165
340,7,Business 340,business340@example.com,+23355000340,cert_340.pdf,Business 340 description,Business 340 address,wholesale,True,2023-04-19 17:24:46.469216,2023-01-29 09:32:01.754666
341,62,Business 341,business341@example.com,+23355000341,cert_341.pdf,Business 341 description,Business 341 address,wholesale,False,2023-01-20 19:44:15.467128,2024-04-01 12:46:26.401903
342,68,Business 342,business342@example.com,+23355000342,cert_342.pdf,Business 342 description,Business 342 address,retail,False,2024-10-30 16:49:19.954043,2023-07-29 23:16:14.914718
343,96,Business 343,business343@example.com,+23355000343,cert_343.pdf,Business 343 description,Business 343 address,retail,True,2023-08-22 07:02:41.236392,2024-02-19 10:13:38.179475
344,7,Business 344,business344@example.com,+23355000344,cert_344.pdf,Business 344 description,Business 344 address,retail,False,2024-02-01 21:17:22.657628,2023-08-29 04:12:36.104641
345,93,Business 345,business345@example.com,+23355000345,cert_345.pdf,Business 345 description,Business 345 address,wholesale,True,2023-10-07 12:12:29.221792,2023-09-08 02:19:30.174540
346,68,Business 346,business346@example.com,+23355000346,cert_346.pdf,Business 346 description,Business 346 address,wholesale,False,2023-06-24 18:24:40.704076,2024-11-08 06:48:04.881106
347,82,Business 347,business347@example.com,+23355000347,cert_347.pdf,Business 347 description,Business 347 address,wholesale,False,2024-08-20 19:41:52.491642,2023-07-21 00:56:41.256226
348,28,Business 348,business348@example.com,+23355000348,cert_348.pdf,Business 348 description,Business 348 address,wholesale,False,2024-06-21 18:05:12.685959,2024-02-21 21:52:57.705571
349,44,Business 349,business349@example.com,+23355000349,cert_349.pdf,Business 349 description,Business 349 address,wholesale,False,2024-07-21 01:00:05.548329,2023-02-03 18:41:55.546244
350,93,Business 350,business350@example.com,+23355000350,cert_350.pdf,Business 350 description,Business 350 address,wholesale,False,2024-09-02 05:24:24.907725,2024-03-20 04:33:32.806850
351,82,Business 351,business351@example.com,+23355000351,cert_351.pdf,Business 351 description,Business 351 address,wholesale,False,2023-06-03 15:05:11.175007,2024-07-24 01:00:58.369243
352,22,Business 352,business352@example.com,+23355000352,cert_352.pdf,Business 352 description,Business 352 address,retail,True,2023-07-27 04:55:58.719699,2024-11-12 05:34:51.608891
353,53,Business 353,business353@example.com,+23355000353,cert_353.pdf,Business 353 description,Business 353 address,wholesale,False,2023-05-20 07:57:31.274405,2023-06-12 04:31:57.017940
354,20,Business 354,business354@example.com,+23355000354,cert_354.pdf,Business 354 description,Business 354 address,retail,False,2024-10-02 23:07:52.062538,2023-06-21 04:38:16.321151
355,43,Business 355,business355@example.com,+23355000355,cert_355.pdf,Business 355 description,Business 355 address,retail,False,2023-12-22 03:42:05.530227,2024-08-25 03:09:47.065018
356,22,Business 356,business356@example.com,+23355000356,cert_356.pdf,Business 356 description,Business 356 address,retail,False,2024-02-04 22:23:35.280085,2024-12-06 18:27:33.083936
357,23,Business 357,business357@example.com,+23355000357,cert_357.pdf,Business 357 description,Business 357 address,wholesale,False,2024-01-12 07:54:34.293646,2023-02-21 05:01:21.563925
358,90,Business 358,business358@example.com,+23355000358,cert_358.pdf,Business 358 description,Business 358 address,wholesale,True,2024-11-01 04:14:16.920402,2024-02-04 02:48:39.341619
359,28,Business 359,business359@example.com,+23355000359,cert_359.pdf,Business 359 description,Business 359 address,retail,True,2023-07-01 15:22:41.590684,2023-03-17 04:02:48.212652
360,20,Business 360,business360@example.com,+23355000360,cert_360.pdf,Business 360 description,Business 360 address,wholesale,True,2023-09-18 03:09:20.166445,2024-06-16 22:56:00.740655
361,28,Business 361,business361@example.com,+23355000361,cert_361.pdf,Business 361 description,Business 361 address,retail,False,2024-07-02 16:41:13.769048,2023-06-17 22:08:54.812462
362,85,Business 362,business362@example.com,+23355000362,cert_362.pdf,Business 362 description,Business 362 address,wholesale,True,2024-06-04 04:20:12.945199,2024-07-08 03:09:39.432014
363,89,Business 363,business363@example.com,+23355000363,cert_363.pdf,Business 363 description,Business 363 address,retail,False,2023-07-08 01:28:18.735866,2023-02-14 13:20:38.877191
364,93,Business 364,business364@example.com,+23355000364,cert_364.pdf,Business 364 description,Business 364 address,retail,True,2023-10-12 07:12:12.801871,2023-04-26 09:35:59.995090
365,16,Business 365,business365@example.com,+23355000365,cert_365.pdf,Business 365 description,Business 365 address,wholesale,False,2024-01-29 12:29:11.607609,2024-11-01 08:30:46.673162
366,25,Business 366,business366@example.com,+23355000366,cert_366.pdf,Business 366 description,Business 366 address,wholesale,True,2024-05-11 14:16:40.479079,2024-05-20 22:01:05.674667
367,2,Business 367,business367@example.com,+23355000367,cert_367.pdf,Business 367 description,Business 367 address,retail,True,2024-01-03 06:42:59.561038,2024-06-03 10:39:40.151607
368,75,Business 368,business368@example.com,+23355000368,cert_368.pdf,Business 368 description,Business 368 address,wholesale,True,2023-04-16 06:26:33.601525,2023-11-19 04:31:29.342406
369,93,Business 369,business369@example.com,+23355000369,cert_369.pdf,Business 369 description,Business 369 address,retail,False,2024-04-15 11:05:43.559322,2023-10-18 17:41:44.172733
370,96,Business 370,business370@example.com,+23355000370,cert_370.pdf,Business 370 description,Business 370 address,retail,False,2024-03-16 09:12:16.093294,2023-06-22 17:33:16.740207
371,43,Business 371,business371@example.com,+23355000371,cert_371.pdf,Business 371 description,Business 371 address,wholesale,True,2024-07-02 11:17:37.765232,2024-01-25 02:50:01.005507
372,98,Business 372,business372@example.com,+23355000372,cert_372.pdf,Business 372 description,Business 372 address,wholesale,True,2023-04-08 02:23:30.583982,2024-05-15 11:48:35.674321
373,89,Business 373,business373@example.com,+23355000373,cert_373.pdf,Business 373 description,Business 373 address,retail,False,2023-09-08 20:13:25.196648,2024-09-18 14:28:30.991312
374,98,Business 374,business374@example.com,+23355000374,cert_374.pdf,Business 374 description,Business 374 address,retail,False,2024-05-16 09:02:01.738146,2023-10-15 13:26:43.423764
375,88,Business 375,business375@example.com,+23355000375,cert_375.pdf,Business 375 description,Business 375 address,wholesale,False,2023-12-06 09:57:10.967795,2024-08-24 22:09:35.447846
376,2,Business 376,business376@example.com,+23355000376,cert_376.pdf,Business 376 description,Business 376 address,wholesale,False,2024-06-01 20:26:37.892143,2023-01-22 21:02:14.818500
377,12,Business 377,business377@example.com,+23355000377,cert_377.pdf,Business 377 description,Business 377 address,retail,False,2024-04-27 07:51:18.252699,2024-05-10 04:16:33.919706
378,68,Business 378,business378@example.com,+23355000378,cert_378.pdf,Business 378 description,Business 378 address,retail,True,2024-12-08 10:12:54.657369,2024-01-25 19:03:28.095838
379,8,Business 379,business379@example.com,+23355000379,cert_379.pdf,Business 379 description,Business 379 address,wholesale,False,2023-08-16 02:34:58.387490,2023-03-20 07:42:48.016115
380,25,Business 380,business380@example.com,+23355000380,cert_380.pdf,Business 380 description,Business 380 address,wholesale,False,2024-03-15 17:44:38.198939,2023-08-02 06:33:45.694756
381,5,Business 381,business381@example.com,+23355000381,cert_381.pdf,Business 381 description,Business 381 address,wholesale,True,2024-12-04 03:14:40.410769,2023-11-10 06:14:52.797075
382,77,Business 382,business382@example.com,+23355000382,cert_382.pdf,Business 382 description,Business 382 address,retail,False,2023-11-20 05:37:03.917320,2024-01-28 09:15:41.354963
383,93,Business 383,business383@example.com,+23355000383,cert_383.pdf,Business 383 description,Business 383 address,wholesale,False,2023-07-07 15:46:14.568197,2023-10-03 02:41:24.870541
384,93,Business 384,business384@example.com,+23355000384,cert_384.pdf,Business 384 description,Business 384 address,wholesale,True,2023-12-04 14:56:45.465637,2023-05-26 02:28:58.306668
385,43,Business 385,business385@example.com,+23355000385,cert_385.pdf,Business 385 description,Business 385 address,wholesale,False,2023-05-08 15:32:02.120732,2023-06-09 16:31:00.387974
386,12,Business 386,business386@example.com,+23355000386,cert_386.pdf,Business 386 description,Business 386 address,wholesale,False,2024-06-05 20:07:30.727222,2024-05-03 11:49:35.452049
387,5,Business 387,business387@example.com,+23355000387,cert_387.pdf,Business 387 description,Business 387 address,retail,True,2023-06-06 07:07:32.017441,2024-11-28 09:39:43.056728
388,96,Business 388,business388@example.com,+23355000388,cert_388.pdf,Business 388 description,Business 388 address,retail,False,2023-08-21 18:21:05.263474,2024-09-29 22:42:45.009172
389,25,Business 389,business389@example.com,+23355000389,cert_389.pdf,Business 389 description,Business 389 address,retail,False,2024-02-22 15:17:54.078766,2023-11-05 03:26:37.804103
390,53,Business 390,business390@example.com,+23355000390,cert_390.pdf,Business 390 description,Business 390 address,wholesale,True,2023-01-03 00:19:28.412048,2023-03-21 14:09:57.966215
391,98,Business 391,business391@example.com,+23355000391,cert_391.pdf,Business 391 description,Business 391 address,retail,False,2023-02-18 10:11:54.152779,2023-04-25 00:45:19.271396
392,39,Business 392,business392@example.com,+23355000392,cert_392.pdf,Business 392 description,Business 392 address,retail,False,2023-01-18 03:56:09.894528,2024-10-19 05:07:51.418235
393,70,Business 393,business393@example.com,+23355000393,cert_393.pdf,Business 393 description,Business 393 address,retail,False,2023-01-18 09:17:28.616798,2023-02-02 12:52:55.301983
394,88,Business 394,business394@example.com,+23355000394,cert_394.pdf,Business 394 description,Business 394 address,wholesale,True,2023-10-28 06:01:32.774935,2024-12-29 21:52:18.056111
395,53,Business 395,business395@example.com,+23355000395,cert_395.pdf,Business 395 description,Business 395 address,wholesale,True,2023-08-09 14:14:28.945598,2023-01-24 13:57:52.300711
396,12,Business 396,business396@example.com,+23355000396,cert_396.pdf,Business 396 description,Business 396 address,retail,False,2024-07-12 03:52:48.462210,2024-01-26 14:43:29.857990
397,16,Business 397,business397@example.com,+23355000397,cert_397.pdf,Business 397 description,Business 397 address,retail,True,2024-05-09 08:03:20.757559,2023-03-06 12:42:14.862600
398,22,Business 398,business398@example.com,+23355000398,cert_398.pdf,Business 398 description,Business 398 address,wholesale,False,2024-11-11 04:14:23.536956,2023-07-13 02:36:59.755477
399,30,Business 399,business399@example.com,+23355000399,cert_399.pdf,Business 399 description,Business 399 address,retail,True,2024-09-18 11:00:40.363345,2023-02-06 16:46:25.623783
400,63,Business 400,business400@example.com,+23355000400,cert_400.pdf,Business 400 description,Business 400 address,retail,True,2023-11-07 00:09:51.409641,2024-02-23 20:57:41.258668
401,12,Business 401,business401@example.com,+23355000401,cert_401.pdf,Business 401 description,Business 401 address,retail,False,2024-06-07 13:17:34.277277,2024-11-30 18:32:47.008050
402,51,Business 402,business402@example.com,+23355000402,cert_402.pdf,Business 402 description,Business 402 address,wholesale,True,2023-06-15 13:51:21.644888,2023-02-05 06:42:02.059627
403,70,Business 403,business403@example.com,+23355000403,cert_403.pdf,Business 403 description,Business 403 address,retail,False,2024-07-16 16:45:12.631058,2024-06-10 05:39:56.450134
404,51,Business 404,business404@example.com,+23355000404,cert_404.pdf,Business 404 description,Business 404 address,wholesale,False,2024-06-20 18:24:34.507234,2023-12-20 12:21:55.079246
405,75,Business 405,business405@example.com,+23355000405,cert_405.pdf,Business 405 description,Business 405 address,retail,True,2023-06-29 09:23:53.797099,2024-04-08 08:55:24.057575
406,25,Business 406,business406@example.com,+23355000406,cert_406.pdf,Business 406 description,Business 406 address,retail,True,2023-09-05 14:32:27.967944,2024-04-14 21:58:47.060249
407,16,Business 407,business407@example.com,+23355000407,cert_407.pdf,Business 407 description,Business 407 address,wholesale,False,2023-09-30 17:29:14.577836,2024-05-23 20:15:18.878995
408,20,Business 408,business408@example.com,+23355000408,cert_408.pdf,Business 408 description,Business 408 address,wholesale,False,2023-01-05 21:26:17.194681,2023-04-24 22:15:29.165858
409,31,Business 409,business409@example.com,+23355000409,cert_409.pdf,Business 409 description,Business 409 address,wholesale,False,2024-02-26 14:32:49.792772,2024-08-20 06:38:13.262132
410,85,Business 410,business410@example.com,+23355000410,cert_410.pdf,Business 410 description,Business 410 address,wholesale,True,2023-03-02 23:42:00.932489,2024-12-01 01:33:53.081516
411,20,Business 411,business411@example.com,+23355000411,cert_411.pdf,Business 411 description,Business 411 address,retail,False,2023-10-30 22:39:09.990795,2024-10-06 20:08:33.750651
412,96,Business 412,business412@example.com,+23355000412,cert_412.pdf,Business 412 description,Business 412 address,retail,False,2024-10-08 03:23:52.943865,2024-09-30 16:45:45.619422
413,98,Business 413,business413@example.com,+23355000413,cert_413.pdf,Business 413 description,Business 413 address,wholesale,True,2024-11-04 09:49:17.841587,2023-09-02 02:25:13.532259
414,12,Business 414,business414@example.com,+23355000414,cert_414.pdf,Business 414 description,Business 414 address,retail,True,2023-11-01 20:17:49.754364,2024-05-17 22:28:10.877222
415,77,Business 415,business415@example.com,+23355000415,cert_415.pdf,Business 415 description,Business 415 address,retail,False,2023-11-21 07:26:32.436005,2024-06-05 01:26:31.316904
416,89,Business 416,business416@example.com,+23355000416,cert_416.pdf,Business 416 description,Business 416 address,retail,True,2023-08-25 22:48:14.500758,2023-01-29 12:51:16.734921
417,25,Business 417,business417@example.com,+23355000417,cert_417.pdf,Business 417 description,Business 417 address,wholesale,True,2024-01-18 12:33:04.604246,2024-02-25 12:20:10.039209
418,63,Business 418,business418@example.com,+23355000418,cert_418.pdf,Business 418 description,Business 418 address,wholesale,True,2024-11-19 21:33:45.929664,2024-09-12 08:39:46.839551
419,28,Business 419,business419@example.com,+23355000419,cert_419.pdf,Business 419 description,Business 419 address,retail,True,2024-12-29 08:34:48.069755,2023-06-04 03:11:14.476360
420,7,Business 420,business420@example.com,+23355000420,cert_420.pdf,Business 420 description,Business 420 address,retail,False,2023-03-05 05:07:55.556108,2023-06-23 09:06:52.649031
421,5,Business 421,business421@example.com,+23355000421,cert_421.pdf,Business 421 description,Business 421 address,retail,False,2024-05-31 10:45:54.437953,2024-02-26 10:31:07.714704
422,12,Business 422,business422@example.com,+23355000422,cert_422.pdf,Business 422 description,Business 422 address,wholesale,True,2023-02-13 12:55:48.175059,2023-03-15 03:38:57.720788
423,20,Business 423,business423@example.com,+23355000423,cert_423.pdf,Business 423 description,Business 423 address,retail,True,2023-09-02 23:24:29.309392,2024-08-13 08:20:42.155541
424,77,Business 424,business424@example.com,+23355000424,cert_424.pdf,Business 424 description,Business 424 address,retail,False,2023-07-04 07:51:37.922423,2023-07-10 18:44:00.421380
425,46,Business 425,business425@example.com,+23355000425,cert_425.pdf,Business 425 description,Business 425 address,wholesale,False,2023-04-02 13:41:36.789892,2024-11-11 16:55:18.709006
426,2,Business 426,business426@example.com,+23355000426,cert_426.pdf,Business 426 description,Business 426 address,wholesale,True,2023-12-18 22:05:00.402691,2024-12-28 15:42:31.967903
427,89,Business 427,business427@example.com,+23355000427,cert_427.pdf,Business 427 description,Business 427 address,wholesale,False,2023-02-04 01:38:01.589904,2024-02-05 08:07:27.825859
428,28,Business 428,business428@example.com,+23355000428,cert_428.pdf,Business 428 description,Business 428 address,retail,True,2023-10-15 07:30:42.764618,2024-10-28 04:05:04.020824
429,88,Business 429,business429@example.com,+23355000429,cert_429.pdf,Business 429 description,Business 429 address,retail,False,2024-11-16 20:50:11.670069,2024-07-06 12:37:16.406702
430,77,Business 430,business430@example.com,+23355000430,cert_430.pdf,Business 430 description,Business 430 address,retail,False,2024-01-25 21:05:23.524128,2023-11-01 22:01:14.852339
431,2,Business 431,business431@example.com,+23355000431,cert_431.pdf,Business 431 description,Business 431 address,retail,True,2023-03-13 14:20:15.703547,2023-04-25 09:17:42.860354
432,25,Business 432,business432@example.com,+23355000432,cert_432.pdf,Business 432 description,Business 432 address,retail,True,2023-10-03 13:09:17.331384,2024-08-09 06:39:16.982616
433,96,Business 433,business433@example.com,+23355000433,cert_433.pdf,Business 433 description,Business 433 address,retail,False,2024-04-05 02:22:15.525241,2023-04-28 17:37:52.604783
434,23,Business 434,business434@example.com,+23355000434,cert_434.pdf,Business 434 description,Business 434 address,retail,False,2024-06-17 04:44:45.296392,2023-09-23 19:23:58.124274
435,39,Business 435,business435@example.com,+23355000435,cert_435.pdf,Business 435 description,Business 435 address,retail,False,2024-10-02 04:23:49.464210,2024-05-15 00:30:11.031322
436,23,Business 436,business436@example.com,+23355000436,cert_436.pdf,Business 436 description,Business 436 address,wholesale,True,2023-07-10 20:30:32.149504,2023-09-27 00:59:22.270133
437,8,Business 437,business437@example.com,+23355000437,cert_437.pdf,Business 437 description,Business 437 address,wholesale,False,2024-09-05 21:42:31.316900,2023-04-09 21:43:56.203174
438,70,Business 438,business438@example.com,+23355000438,cert_438.pdf,Business 438 description,Business 438 address,retail,True,2024-04-26 15:22:22.763032,2024-11-15 16:20:05.247373
439,96,Business 439,business439@example.com,+23355000439,cert_439.pdf,Business 439 description,Business 439 address,retail,True,2023-07-29 13:34:15.197130,2024-04-21 11:49:26.469614
440,30,Business 440,business440@example.com,+23355000440,cert_440.pdf,Business 440 description,Business 440 address,retail,True,2024-06-19 12:27:26.531330,2023-03-22 15:38:29.454949
441,70,Business 441,business441@example.com,+23355000441,cert_441.pdf,Business 441 description,Business 441 address,wholesale,False,2024-01-21 13:09:18.353409,2023-11-08 16:00:14.632523
442,96,Business 442,business442@example.com,+23355000442,cert_442.pdf,Business 442 description,Business 442 address,retail,False,2024-07-02 21:38:25.047003,2024-05-06 18:07:50.343375
443,88,Business 443,business443@example.com,+23355000443,cert_443.pdf,Business 443 description,Business 443 address,retail,True,2024-08-30 05:09:08.227747,2023-06-06 20:58:53.843405
444,14,Business 444,business444@example.com,+23355000444,cert_444.pdf,Business 444 description,Business 444 address,retail,False,2024-05-24 19:09:10.903481,2024-12-05 17:27:53.098379
445,62,Business 445,business445@example.com,+23355000445,cert_445.pdf,Business 445 description,Business 445 address,retail,True,2024-10-09 04:43:58.240253,2024-08-26 04:34:30.466020
446,47,Business 446,business446@example.com,+23355000446,cert_446.pdf,Business 446 description,Business 446 address,wholesale,True,2023-05-19 03:03:50.454611,2024-05-08 07:52:50.164530
447,25,Business 447,business447@example.com,+23355000447,cert_447.pdf,Business 447 description,Business 447 address,retail,False,2024-10-29 09:18:44.925854,2023-09-27 02:12:28.336519
448,2,Business 448,business448@example.com,+23355000448,cert_448.pdf,Business 448 description,Business 448 address,retail,True,2023-01-01 23:02:04.743737,2023-12-01 05:31:35.562929
449,20,Business 449,business449@example.com,+23355000449,cert_449.pdf,Business 449 description,Business 449 address,retail,True,2024-05-12 21:09:43.745514,2024-06-16 03:31:26.772995
450,93,Business 450,business450@example.com,+23355000450,cert_450.pdf,Business 450 description,Business 450 address,wholesale,True,2023-11-03 10:30:55.655611,2024-09-30 13:36:18.472166
451,68,Business 451,business451@example.com,+23355000451,cert_451.pdf,Business 451 description,Business 451 address,retail,True,2023-03-07 01:39:32.476463,2024-01-31 09:09:00.525877
452,62,Business 452,business452@example.com,+23355000452,cert_452.pdf,Business 452 description,Business 452 address,retail,True,2023-11-29 04:33:09.958347,2024-11-04 13:56:11.753587
453,22,Business 453,business453@example.com,+23355000453,cert_453.pdf,Business 453 description,Business 453 address,retail,False,2024-09-21 15:31:08.389230,2023-12-24 01:28:10.917265
454,28,Business 454,business454@example.com,+23355000454,cert_454.pdf,Business 454 description,Business 454 address,wholesale,False,2024-08-13 04:31:39.817775,2023-02-04 01:19:09.598963
455,23,Business 455,business455@example.com,+23355000455,cert_455.pdf,Business 455 description,Business 455 address,retail,False,2023-10-29 04:31:42.668058,2024-02-17 16:56:02.522474
456,93,Business 456,business456@example.com,+23355000456,cert_456.pdf,Business 456 description,Business 456 address,wholesale,False,2023-06-24 12:57:49.834704,2024-03-11 04:49:25.112448
457,31,Business 457,business457@example.com,+23355000457,cert_457.pdf,Business 457 description,Business 457 address,retail,True,2024-01-26 13:08:19.335156,2024-08-22 17:55:33.791243
458,3,Business 458,business458@example.com,+23355000458,cert_458.pdf,Business 458 description,Business 458 address,wholesale,False,2023-03-19 01:24:59.862161,2024-07-09 07:02:33.288137
459,12,Business 459,business459@example.com,+23355000459,cert_459.pdf,Business 459 description,Business 459 address,retail,True,2023-12-20 18:55:56.796873,2023-11-22 08:52:15.814217
460,7,Business 460,business460@example.com,+23355000460,cert_460.pdf,Business 460 description,Business 460 address,retail,False,2023-09-25 09:38:18.280012,2024-05-23 08:20:27.986013
461,20,Business 461,business461@example.com,+23355000461,cert_461.pdf,Business 461 description,Business 461 address,wholesale,True,2023-04-15 04:52:51.408221,2024-08-30 19:52:30.204500
462,47,Business 462,business462@example.com,+23355000462,cert_462.pdf,Business 462 description,Business 462 address,retail,False,2024-10-03 01:31:43.495160,2024-03-31 19:08:38.526862
463,12,Business 463,business463@example.com,+23355000463,cert_463.pdf,Business 463 description,Business 463 address,wholesale,False,2023-01-27 04:54:09.833612,2024-05-03 18:34:00.350922
464,39,Business 464,business464@example.com,+23355000464,cert_464.pdf,Business 464 description,Business 464 address,wholesale,False,2024-08-11 10:46:18.345547,2023-06-12 16:33:33.360586
465,22,Business 465,business465@example.com,+23355000465,cert_465.pdf,Business 465 description,Business 465 address,retail,True,2024-10-23 12:52:35.415044,2024-12-09 06:52:22.271411
466,16,Business 466,business466@example.com,+23355000466,cert_466.pdf,Business 466 description,Business 466 address,wholesale,True,2023-09-10 02:02:26.338220,2023-08-28 16:17:54.662960
467,12,Business 467,business467@example.com,+23355000467,cert_467.pdf,Business 467 description,Business 467 address,retail,False,2023-01-25 18:41:17.610194,2023-04-11 18:20:42.798113
468,22,Business 468,business468@example.com,+23355000468,cert_468.pdf,Business 468 description,Business 468 address,retail,True,2023-07-31 03:02:11.730052,2023-10-07 16:18:05.482929
469,89,Business 469,business469@example.com,+23355000469,cert_469.pdf,Business 469 description,Business 469 address,wholesale,True,2024-10-06 10:37:25.587307,2024-09-16 10:32:44.886175
470,25,Business 470,business470@example.com,+23355000470,cert_470.pdf,Business 470 description,Business 470 address,retail,True,2024-09-14 17:44:43.446309,2024-08-25 09:46:44.342680
471,31,Business 471,business471@example.com,+23355000471,cert_471.pdf,Business 471 description,Business 471 address,retail,False,2023-02-24 02:53:02.264906,2024-04-12 21:09:02.761214
472,53,Business 472,business472@example.com,+23355000472,cert_472.pdf,Business 472 description,Business 472 address,retail,False,2023-10-01 17:52:00.591671,2023-01-04 11:21:30.937717
473,77,Business 473,business473@example.com,+23355000473,cert_473.pdf,Business 473 description,Business 473 address,retail,False,2024-01-14 13:20:36.360460,2024-11-24 09:36:56.734752
474,77,Business 474,business474@example.com,+23355000474,cert_474.pdf,Business 474 description,Business 474 address,retail,False,2023-02-20 00:05:05.761636,2023-06-06 05:53:34.093429
475,44,Business 475,business475@example.com,+23355000475,cert_475.pdf,Business 475 description,Business 475 address,wholesale,False,2024-09-27 14:16:19.242470,2023-05-07 19:21:43.213466
476,7,Business 476,business476@example.com,+23355000476,cert_476.pdf,Business 476 description,Business 476 address,retail,False,2023-11-03 01:22:53.588656,2023-10-28 12:21:08.946092
477,8,Business 477,business477@example.com,+23355000477,cert_477.pdf,Business 477 description,Business 477 address,retail,False,2023-03-22 07:48:42.033435,2024-06-19 07:58:30.118209
478,23,Business 478,business478@example.com,+23355000478,cert_478.pdf,Business 478 description,Business 478 address,retail,True,2024-08-10 16:27:31.892029,2024-07-28 05:21:37.876817
479,63,Business 479,business479@example.com,+23355000479,cert_479.pdf,Business 479 description,Business 479 address,wholesale,True,2024-03-08 12:00:32.574888,2023-06-06 20:26:51.295116
480,8,Business 480,business480@example.com,+23355000480,cert_480.pdf,Business 480 description,Business 480 address,retail,True,2024-06-30 11:12:43.450447,2023-11-19 08:09:54.257172
481,20,Business 481,business481@example.com,+23355000481,cert_481.pdf,Business 481 description,Business 481 address,wholesale,True,2023-12-18 14:50:18.519326,2024-01-25 21:42:45.877277
482,82,Business 482,business482@example.com,+23355000482,cert_482.pdf,Business 482 description,Business 482 address,wholesale,True,2023-04-16 00:15:29.861981,2024-02-01 07:02:17.585209
483,44,Business 483,business483@example.com,+23355000483,cert_483.pdf,Business 483 description,Business 483 address,wholesale,True,2024-03-02 05:50:36.852415,2023-09-09 00:07:33.393651
484,70,Business 484,business484@example.com,+23355000484,cert_484.pdf,Business 484 description,Business 484 address,wholesale,True,2024-11-18 10:38:37.106465,2023-05-03 13:09:39.041576
485,44,Business 485,business485@example.com,+23355000485,cert_485.pdf,Business 485 description,Business 485 address,wholesale,False,2024-01-10 15:37:14.682779,2024-06-05 17:34:41.644736
486,75,Business 486,business486@example.com,+23355000486,cert_486.pdf,Business 486 description,Business 486 address,wholesale,False,2023-12-28 15:02:38.395301,2023-10-17 02:15:04.809584
487,28,Business 487,business487@example.com,+23355000487,cert_487.pdf,Business 487 description,Business 487 address,wholesale,False,2024-03-11 03:12:15.371785,2024-10-04 21:33:41.245155
488,75,Business 488,business488@example.com,+23355000488,cert_488.pdf,Business 488 description,Business 488 address,retail,False,2024-02-12 21:36:40.928853,2024-11-04 08:15:51.444100
489,47,Business 489,business489@example.com,+23355000489,cert_489.pdf,Business 489 description,Business 489 address,wholesale,False,2023-09-14 12:47:24.462370,2023-08-17 03:42:34.176785
490,75,Business 490,business490@example.com,+23355000490,cert_490.pdf,Business 490 description,Business 490 address,retail,False,2024-05-07 23:48:42.979991,2024-08-23 08:43:34.890837
491,93,Business 491,business491@example.com,+23355000491,cert_491.pdf,Business 491 description,Business 491 address,wholesale,True,2023-12-14 12:36:34.326529,2023-06-27 12:08:29.909368
492,47,Business 492,business492@example.com,+23355000492,cert_492.pdf,Business 492 description,Business 492 address,retail,True,2023-09-28 02:46:32.374985,2024-01-13 09:17:20.971337
493,16,Business 493,business493@example.com,+23355000493,cert_493.pdf,Business 493 description,Business 493 address,wholesale,True,2024-01-28 05:48:21.778535,2024-03-19 15:15:21.593645
494,39,Business 494,business494@example.com,+23355000494,cert_494.pdf,Business 494 description,Business 494 address,wholesale,True,2023-10-05 12:44:14.526055,2024-02-14 13:13:20.455015
495,3,Business 495,business495@example.com,+23355000495,cert_495.pdf,Business 495 description,Business 495 address,retail,True,2024-11-30 00:01:33.374189,2024-03-11 20:23:00.859704
496,25,Business 496,business496@example.com,+23355000496,cert_496.pdf,Business 496 description,Business 496 address,wholesale,True,2024-12-12 12:55:50.069467,2023-05-06 02:03:38.039611
497,5,Business 497,business497@example.com,+23355000497,cert_497.pdf,Business 497 description,Business 497 address,retail,False,2024-05-14 06:43:45.550531,2023-10-15 08:49:29.126816
498,12,Business 498,business498@example.com,+23355000498,cert_498.pdf,Business 498 description,Business 498 address,wholesale,False,2023-03-16 01:06:34.703424,2024-10-01 07:21:55.335194
499,46,Business 499,business499@example.com,+23355000499,cert_499.pdf,Business 499 description,Business 499 address,retail,True,2024-10-16 05:32:09.662820,2024-11-09 16:07:05.429051
500,75,Business 500,business500@example.com,+23355000500,cert_500.pdf,Business 500 description,Business 500 address,wholesale,True,2024-04-28 23:20:53.774939,2023-09-07 01:39:30.911628
