id,alt_text,file_size,product_id,is_main,object_key,image_order
1,Image 1,384952,300,False,images/img_1.jpg,1
2,Image 2,156633,140,True,images/img_2.jpg,1
3,Image 3,121233,745,True,images/img_3.jpg,2
4,Image 4,290288,464,False,images/img_4.jpg,1
5,Image 5,495169,36,True,images/img_5.jpg,5
6,Image 6,360618,890,False,images/img_6.jpg,1
7,Image 7,251786,701,True,images/img_7.jpg,2
8,Image 8,173529,814,False,images/img_8.jpg,1
9,Image 9,349450,983,True,images/img_9.jpg,3
10,Image 10,136233,127,False,images/img_10.jpg,3
11,Image 11,353072,346,False,images/img_11.jpg,2
12,Image 12,269809,944,False,images/img_12.jpg,4
13,Image 13,440050,215,False,images/img_13.jpg,4
14,Image 14,388816,587,True,images/img_14.jpg,1
15,Image 15,13773,320,False,images/img_15.jpg,1
16,Image 16,329143,129,True,images/img_16.jpg,1
17,Image 17,430683,368,False,images/img_17.jpg,1
18,Image 18,324629,235,True,images/img_18.jpg,1
19,Image 19,455340,165,False,images/img_19.jpg,2
20,Image 20,146404,904,False,images/img_20.jpg,3
21,Image 21,267916,184,False,images/img_21.jpg,2
22,Image 22,49282,164,True,images/img_22.jpg,4
23,Image 23,380141,281,False,images/img_23.jpg,4
24,Image 24,360663,203,False,images/img_24.jpg,2
25,Image 25,299301,737,True,images/img_25.jpg,2
26,Image 26,58752,329,True,images/img_26.jpg,5
27,Image 27,57399,593,False,images/img_27.jpg,4
28,Image 28,383503,974,False,images/img_28.jpg,1
29,Image 29,414302,194,False,images/img_29.jpg,2
30,Image 30,156813,586,False,images/img_30.jpg,1
31,Image 31,183360,208,False,images/img_31.jpg,4
32,Image 32,436113,529,False,images/img_32.jpg,2
33,Image 33,374046,591,False,images/img_33.jpg,1
34,Image 34,236819,189,True,images/img_34.jpg,4
35,Image 35,411652,446,True,images/img_35.jpg,5
36,Image 36,93833,831,False,images/img_36.jpg,5
37,Image 37,385480,774,False,images/img_37.jpg,4
38,Image 38,126725,50,True,images/img_38.jpg,1
39,Image 39,446161,414,False,images/img_39.jpg,2
40,Image 40,166802,789,False,images/img_40.jpg,5
41,Image 41,498653,560,False,images/img_41.jpg,2
42,Image 42,456510,459,False,images/img_42.jpg,2
43,Image 43,81318,326,False,images/img_43.jpg,5
44,Image 44,307497,361,True,images/img_44.jpg,3
45,Image 45,460298,836,False,images/img_45.jpg,5
46,Image 46,490800,949,False,images/img_46.jpg,2
47,Image 47,373687,370,False,images/img_47.jpg,5
48,Image 48,195670,387,True,images/img_48.jpg,2
49,Image 49,117322,765,True,images/img_49.jpg,2
50,Image 50,374732,353,True,images/img_50.jpg,1
51,Image 51,25728,907,True,images/img_51.jpg,1
52,Image 52,336811,50,False,images/img_52.jpg,5
53,Image 53,458407,583,True,images/img_53.jpg,3
54,Image 54,179277,246,False,images/img_54.jpg,4
55,Image 55,385868,306,False,images/img_55.jpg,5
56,Image 56,178906,45,True,images/img_56.jpg,2
57,Image 57,301734,467,False,images/img_57.jpg,1
58,Image 58,134252,405,True,images/img_58.jpg,4
59,Image 59,18817,606,True,images/img_59.jpg,2
60,Image 60,127372,671,True,images/img_60.jpg,4
61,Image 61,254380,714,True,images/img_61.jpg,2
62,Image 62,231662,36,True,images/img_62.jpg,4
63,Image 63,414183,93,True,images/img_63.jpg,2
64,Image 64,175256,597,False,images/img_64.jpg,4
65,Image 65,259148,785,False,images/img_65.jpg,3
66,Image 66,114384,288,False,images/img_66.jpg,1
67,Image 67,319530,557,True,images/img_67.jpg,3
68,Image 68,63943,192,False,images/img_68.jpg,4
69,Image 69,469010,990,True,images/img_69.jpg,4
70,Image 70,441408,442,False,images/img_70.jpg,5
71,Image 71,205948,77,False,images/img_71.jpg,4
72,Image 72,14323,395,True,images/img_72.jpg,4
73,Image 73,468494,96,True,images/img_73.jpg,5
74,Image 74,20025,276,False,images/img_74.jpg,2
75,Image 75,185131,333,True,images/img_75.jpg,5
76,Image 76,390857,42,False,images/img_76.jpg,3
77,Image 77,127928,100,False,images/img_77.jpg,1
78,Image 78,112438,219,False,images/img_78.jpg,1
79,Image 79,420664,321,False,images/img_79.jpg,1
80,Image 80,342390,520,False,images/img_80.jpg,5
81,Image 81,71392,720,False,images/img_81.jpg,3
82,Image 82,136108,966,False,images/img_82.jpg,2
83,Image 83,205617,172,False,images/img_83.jpg,4
84,Image 84,235995,116,False,images/img_84.jpg,5
85,Image 85,79148,355,False,images/img_85.jpg,5
86,Image 86,404230,456,True,images/img_86.jpg,2
87,Image 87,393000,720,False,images/img_87.jpg,2
88,Image 88,329765,717,False,images/img_88.jpg,3
89,Image 89,294094,226,False,images/img_89.jpg,5
90,Image 90,475249,368,False,images/img_90.jpg,2
91,Image 91,460790,95,True,images/img_91.jpg,1
92,Image 92,273649,591,False,images/img_92.jpg,4
93,Image 93,62913,100,False,images/img_93.jpg,1
94,Image 94,398721,100,True,images/img_94.jpg,4
95,Image 95,499833,65,True,images/img_95.jpg,2
96,Image 96,155798,55,False,images/img_96.jpg,3
97,Image 97,291850,697,False,images/img_97.jpg,1
98,Image 98,169830,278,True,images/img_98.jpg,5
99,Image 99,91762,203,False,images/img_99.jpg,3
100,Image 100,354787,529,False,images/img_100.jpg,3
101,Image 101,476672,49,True,images/img_101.jpg,2
102,Image 102,88521,967,False,images/img_102.jpg,3
103,Image 103,54502,81,False,images/img_103.jpg,1
104,Image 104,314019,168,True,images/img_104.jpg,2
105,Image 105,264053,146,False,images/img_105.jpg,1
106,Image 106,344895,808,False,images/img_106.jpg,2
107,Image 107,385804,687,True,images/img_107.jpg,2
108,Image 108,414419,903,True,images/img_108.jpg,5
109,Image 109,472265,733,True,images/img_109.jpg,3
110,Image 110,286481,245,False,images/img_110.jpg,3
111,Image 111,221735,619,False,images/img_111.jpg,2
112,Image 112,76724,957,True,images/img_112.jpg,1
113,Image 113,434765,69,False,images/img_113.jpg,4
114,Image 114,179097,295,False,images/img_114.jpg,1
115,Image 115,73188,151,False,images/img_115.jpg,1
116,Image 116,330405,178,True,images/img_116.jpg,4
117,Image 117,246099,27,True,images/img_117.jpg,5
118,Image 118,61578,882,False,images/img_118.jpg,5
119,Image 119,78330,949,False,images/img_119.jpg,1
120,Image 120,89746,738,False,images/img_120.jpg,1
121,Image 121,483544,960,True,images/img_121.jpg,2
122,Image 122,195320,31,True,images/img_122.jpg,2
123,Image 123,450188,847,True,images/img_123.jpg,1
124,Image 124,308337,837,False,images/img_124.jpg,4
125,Image 125,479969,332,True,images/img_125.jpg,4
126,Image 126,39496,272,True,images/img_126.jpg,3
127,Image 127,242005,769,False,images/img_127.jpg,5
128,Image 128,271232,448,False,images/img_128.jpg,4
129,Image 129,271551,372,True,images/img_129.jpg,4
130,Image 130,261763,276,True,images/img_130.jpg,3
131,Image 131,269680,64,False,images/img_131.jpg,2
132,Image 132,279507,586,False,images/img_132.jpg,5
133,Image 133,29658,243,True,images/img_133.jpg,4
134,Image 134,44503,521,False,images/img_134.jpg,2
135,Image 135,221164,783,False,images/img_135.jpg,5
136,Image 136,441691,601,False,images/img_136.jpg,3
137,Image 137,75005,915,False,images/img_137.jpg,5
138,Image 138,354193,26,False,images/img_138.jpg,3
139,Image 139,184083,459,True,images/img_139.jpg,2
140,Image 140,91164,497,True,images/img_140.jpg,2
141,Image 141,173119,533,True,images/img_141.jpg,3
142,Image 142,324766,658,True,images/img_142.jpg,2
143,Image 143,109186,997,True,images/img_143.jpg,2
144,Image 144,14376,347,False,images/img_144.jpg,4
145,Image 145,435178,861,False,images/img_145.jpg,5
146,Image 146,102657,917,True,images/img_146.jpg,4
147,Image 147,492412,527,False,images/img_147.jpg,1
148,Image 148,119658,105,False,images/img_148.jpg,5
149,Image 149,147140,658,False,images/img_149.jpg,4
150,Image 150,285145,664,False,images/img_150.jpg,1
151,Image 151,388159,230,False,images/img_151.jpg,1
152,Image 152,463152,582,False,images/img_152.jpg,4
153,Image 153,145776,526,False,images/img_153.jpg,3
154,Image 154,17002,403,False,images/img_154.jpg,4
155,Image 155,245777,265,False,images/img_155.jpg,5
156,Image 156,419449,150,True,images/img_156.jpg,4
157,Image 157,290360,865,True,images/img_157.jpg,1
158,Image 158,483463,389,True,images/img_158.jpg,3
159,Image 159,363099,555,False,images/img_159.jpg,2
160,Image 160,483356,436,True,images/img_160.jpg,4
161,Image 161,95788,977,True,images/img_161.jpg,1
162,Image 162,341207,818,True,images/img_162.jpg,1
163,Image 163,267869,188,False,images/img_163.jpg,3
164,Image 164,355009,48,False,images/img_164.jpg,3
165,Image 165,210210,450,True,images/img_165.jpg,2
166,Image 166,64191,23,False,images/img_166.jpg,3
167,Image 167,326524,520,False,images/img_167.jpg,4
168,Image 168,278519,988,False,images/img_168.jpg,2
169,Image 169,38808,398,False,images/img_169.jpg,3
170,Image 170,460710,762,True,images/img_170.jpg,3
171,Image 171,120291,818,False,images/img_171.jpg,2
172,Image 172,482867,801,True,images/img_172.jpg,2
173,Image 173,353926,277,False,images/img_173.jpg,3
174,Image 174,276348,573,True,images/img_174.jpg,1
175,Image 175,415137,375,True,images/img_175.jpg,4
176,Image 176,236468,585,False,images/img_176.jpg,2
177,Image 177,439597,395,False,images/img_177.jpg,4
178,Image 178,289317,910,True,images/img_178.jpg,3
179,Image 179,182495,518,False,images/img_179.jpg,5
180,Image 180,74258,229,False,images/img_180.jpg,3
181,Image 181,262796,291,False,images/img_181.jpg,2
182,Image 182,349224,458,True,images/img_182.jpg,4
183,Image 183,326316,188,True,images/img_183.jpg,2
184,Image 184,140110,556,True,images/img_184.jpg,2
185,Image 185,198988,860,False,images/img_185.jpg,5
186,Image 186,11250,444,True,images/img_186.jpg,1
187,Image 187,189026,917,True,images/img_187.jpg,2
188,Image 188,139462,563,False,images/img_188.jpg,4
189,Image 189,187977,395,True,images/img_189.jpg,1
190,Image 190,195477,72,True,images/img_190.jpg,3
191,Image 191,44975,746,False,images/img_191.jpg,5
192,Image 192,387049,585,True,images/img_192.jpg,5
193,Image 193,168307,205,False,images/img_193.jpg,5
194,Image 194,487510,98,True,images/img_194.jpg,2
195,Image 195,402733,13,True,images/img_195.jpg,5
196,Image 196,436090,69,True,images/img_196.jpg,3
197,Image 197,224802,609,False,images/img_197.jpg,4
198,Image 198,336818,303,False,images/img_198.jpg,3
199,Image 199,422149,961,False,images/img_199.jpg,3
200,Image 200,225923,356,False,images/img_200.jpg,5
201,Image 201,449573,833,False,images/img_201.jpg,1
202,Image 202,302342,783,False,images/img_202.jpg,2
203,Image 203,75529,967,True,images/img_203.jpg,2
204,Image 204,51690,659,False,images/img_204.jpg,5
205,Image 205,124185,323,False,images/img_205.jpg,5
206,Image 206,423027,255,False,images/img_206.jpg,5
207,Image 207,111552,990,True,images/img_207.jpg,2
208,Image 208,393313,655,True,images/img_208.jpg,4
209,Image 209,179342,252,False,images/img_209.jpg,2
210,Image 210,351460,576,False,images/img_210.jpg,3
211,Image 211,438944,747,False,images/img_211.jpg,5
212,Image 212,399534,870,True,images/img_212.jpg,4
213,Image 213,284183,551,True,images/img_213.jpg,5
214,Image 214,404230,849,False,images/img_214.jpg,4
215,Image 215,122728,307,True,images/img_215.jpg,1
216,Image 216,140327,912,True,images/img_216.jpg,1
217,Image 217,102106,594,True,images/img_217.jpg,5
218,Image 218,309199,254,False,images/img_218.jpg,1
219,Image 219,259663,47,True,images/img_219.jpg,4
220,Image 220,245243,962,False,images/img_220.jpg,4
221,Image 221,420382,179,False,images/img_221.jpg,2
222,Image 222,60765,25,False,images/img_222.jpg,3
223,Image 223,253173,864,False,images/img_223.jpg,2
224,Image 224,50361,334,True,images/img_224.jpg,1
225,Image 225,43578,31,True,images/img_225.jpg,5
226,Image 226,47128,916,False,images/img_226.jpg,4
227,Image 227,231616,366,False,images/img_227.jpg,3
228,Image 228,306986,398,False,images/img_228.jpg,5
229,Image 229,464568,115,False,images/img_229.jpg,2
230,Image 230,27451,354,True,images/img_230.jpg,3
231,Image 231,286544,698,False,images/img_231.jpg,3
232,Image 232,179523,372,False,images/img_232.jpg,5
233,Image 233,83172,559,False,images/img_233.jpg,1
234,Image 234,422479,954,False,images/img_234.jpg,2
235,Image 235,311029,557,False,images/img_235.jpg,2
236,Image 236,296315,34,False,images/img_236.jpg,4
237,Image 237,247109,439,False,images/img_237.jpg,3
238,Image 238,193345,338,True,images/img_238.jpg,2
239,Image 239,437311,809,False,images/img_239.jpg,4
240,Image 240,319912,236,False,images/img_240.jpg,4
241,Image 241,91447,248,True,images/img_241.jpg,5
242,Image 242,13137,50,False,images/img_242.jpg,2
243,Image 243,410237,305,True,images/img_243.jpg,2
244,Image 244,182215,41,True,images/img_244.jpg,2
245,Image 245,22820,176,True,images/img_245.jpg,4
246,Image 246,312149,956,False,images/img_246.jpg,1
247,Image 247,206692,858,False,images/img_247.jpg,3
248,Image 248,296467,835,False,images/img_248.jpg,4
249,Image 249,122438,208,True,images/img_249.jpg,5
250,Image 250,226160,462,True,images/img_250.jpg,5
251,Image 251,429496,651,False,images/img_251.jpg,1
252,Image 252,390852,297,True,images/img_252.jpg,1
253,Image 253,187825,508,False,images/img_253.jpg,2
254,Image 254,114609,900,False,images/img_254.jpg,5
255,Image 255,283066,982,False,images/img_255.jpg,5
256,Image 256,295185,490,True,images/img_256.jpg,2
257,Image 257,296063,125,True,images/img_257.jpg,5
258,Image 258,99398,463,False,images/img_258.jpg,4
259,Image 259,488899,508,True,images/img_259.jpg,3
260,Image 260,78613,565,False,images/img_260.jpg,3
261,Image 261,287552,358,True,images/img_261.jpg,3
262,Image 262,28983,248,False,images/img_262.jpg,3
263,Image 263,273363,65,True,images/img_263.jpg,5
264,Image 264,313686,103,True,images/img_264.jpg,2
265,Image 265,60197,2,True,images/img_265.jpg,2
266,Image 266,384749,533,False,images/img_266.jpg,1
267,Image 267,470556,29,False,images/img_267.jpg,2
268,Image 268,165023,718,False,images/img_268.jpg,3
269,Image 269,84431,649,True,images/img_269.jpg,2
270,Image 270,125853,992,False,images/img_270.jpg,5
271,Image 271,142835,200,True,images/img_271.jpg,4
272,Image 272,468443,679,True,images/img_272.jpg,4
273,Image 273,472997,166,False,images/img_273.jpg,1
274,Image 274,307077,470,True,images/img_274.jpg,4
275,Image 275,422731,181,True,images/img_275.jpg,3
276,Image 276,337177,410,True,images/img_276.jpg,1
277,Image 277,231063,158,True,images/img_277.jpg,1
278,Image 278,446250,962,True,images/img_278.jpg,4
279,Image 279,441735,483,False,images/img_279.jpg,4
280,Image 280,311797,405,False,images/img_280.jpg,3
281,Image 281,62311,640,True,images/img_281.jpg,5
282,Image 282,80344,547,False,images/img_282.jpg,2
283,Image 283,290972,833,False,images/img_283.jpg,3
284,Image 284,38078,102,True,images/img_284.jpg,2
285,Image 285,412934,92,False,images/img_285.jpg,5
286,Image 286,102846,901,False,images/img_286.jpg,4
287,Image 287,38600,534,True,images/img_287.jpg,5
288,Image 288,489695,132,True,images/img_288.jpg,2
289,Image 289,226392,382,True,images/img_289.jpg,1
290,Image 290,88873,564,True,images/img_290.jpg,3
291,Image 291,89083,237,False,images/img_291.jpg,2
292,Image 292,87178,89,True,images/img_292.jpg,3
293,Image 293,26737,96,False,images/img_293.jpg,2
294,Image 294,63588,168,True,images/img_294.jpg,3
295,Image 295,148709,31,False,images/img_295.jpg,2
296,Image 296,434320,149,True,images/img_296.jpg,1
297,Image 297,454846,742,False,images/img_297.jpg,3
298,Image 298,375354,175,False,images/img_298.jpg,1
299,Image 299,254337,196,False,images/img_299.jpg,5
300,Image 300,288006,928,True,images/img_300.jpg,3
301,Image 301,336414,918,False,images/img_301.jpg,1
302,Image 302,240697,662,True,images/img_302.jpg,3
303,Image 303,57863,467,False,images/img_303.jpg,3
304,Image 304,196371,553,False,images/img_304.jpg,1
305,Image 305,77303,519,False,images/img_305.jpg,1
306,Image 306,152942,913,False,images/img_306.jpg,2
307,Image 307,31057,158,True,images/img_307.jpg,2
308,Image 308,355340,459,False,images/img_308.jpg,5
309,Image 309,88242,824,True,images/img_309.jpg,4
310,Image 310,324492,955,False,images/img_310.jpg,1
311,Image 311,394261,439,True,images/img_311.jpg,3
312,Image 312,328605,709,False,images/img_312.jpg,3
313,Image 313,84366,635,True,images/img_313.jpg,3
314,Image 314,45024,347,True,images/img_314.jpg,2
315,Image 315,50927,213,True,images/img_315.jpg,3
316,Image 316,140356,626,False,images/img_316.jpg,2
317,Image 317,71445,881,False,images/img_317.jpg,2
318,Image 318,261523,215,False,images/img_318.jpg,4
319,Image 319,318986,9,True,images/img_319.jpg,5
320,Image 320,59258,893,True,images/img_320.jpg,3
321,Image 321,267471,104,True,images/img_321.jpg,1
322,Image 322,340804,977,True,images/img_322.jpg,4
323,Image 323,30960,192,True,images/img_323.jpg,1
324,Image 324,381419,138,False,images/img_324.jpg,1
325,Image 325,116034,939,True,images/img_325.jpg,2
326,Image 326,486698,318,False,images/img_326.jpg,5
327,Image 327,39691,284,True,images/img_327.jpg,3
328,Image 328,79729,3,True,images/img_328.jpg,5
329,Image 329,147196,556,True,images/img_329.jpg,1
330,Image 330,121539,217,False,images/img_330.jpg,5
331,Image 331,161970,509,True,images/img_331.jpg,4
332,Image 332,220683,55,True,images/img_332.jpg,3
333,Image 333,158011,583,False,images/img_333.jpg,5
334,Image 334,161888,433,False,images/img_334.jpg,1
335,Image 335,203620,226,False,images/img_335.jpg,3
336,Image 336,256801,3,True,images/img_336.jpg,5
337,Image 337,288358,750,True,images/img_337.jpg,4
338,Image 338,22540,179,True,images/img_338.jpg,3
339,Image 339,475136,793,False,images/img_339.jpg,4
340,Image 340,385992,5,False,images/img_340.jpg,4
341,Image 341,92134,783,True,images/img_341.jpg,5
342,Image 342,424097,656,False,images/img_342.jpg,2
343,Image 343,229219,952,True,images/img_343.jpg,2
344,Image 344,426413,978,True,images/img_344.jpg,5
345,Image 345,314992,30,False,images/img_345.jpg,3
346,Image 346,256253,983,False,images/img_346.jpg,2
347,Image 347,359991,868,False,images/img_347.jpg,3
348,Image 348,34116,675,True,images/img_348.jpg,2
349,Image 349,155009,135,True,images/img_349.jpg,4
350,Image 350,234594,450,True,images/img_350.jpg,2
351,Image 351,210375,290,False,images/img_351.jpg,1
352,Image 352,310255,339,False,images/img_352.jpg,4
353,Image 353,354127,587,True,images/img_353.jpg,1
354,Image 354,469190,218,False,images/img_354.jpg,4
355,Image 355,404349,393,False,images/img_355.jpg,5
356,Image 356,37535,938,True,images/img_356.jpg,4
357,Image 357,388438,56,True,images/img_357.jpg,1
358,Image 358,306894,928,True,images/img_358.jpg,4
359,Image 359,220853,882,False,images/img_359.jpg,1
360,Image 360,435454,595,False,images/img_360.jpg,4
361,Image 361,234232,296,True,images/img_361.jpg,4
362,Image 362,371489,497,True,images/img_362.jpg,4
363,Image 363,231041,229,True,images/img_363.jpg,1
364,Image 364,463077,770,True,images/img_364.jpg,2
365,Image 365,477979,709,False,images/img_365.jpg,2
366,Image 366,33696,539,True,images/img_366.jpg,3
367,Image 367,435551,320,True,images/img_367.jpg,3
368,Image 368,25953,284,False,images/img_368.jpg,3
369,Image 369,397084,993,True,images/img_369.jpg,2
370,Image 370,23629,531,True,images/img_370.jpg,4
371,Image 371,298668,886,True,images/img_371.jpg,1
372,Image 372,225868,326,True,images/img_372.jpg,3
373,Image 373,117213,531,False,images/img_373.jpg,1
374,Image 374,81512,5,False,images/img_374.jpg,3
375,Image 375,410859,348,True,images/img_375.jpg,3
376,Image 376,412169,928,True,images/img_376.jpg,4
377,Image 377,250391,57,False,images/img_377.jpg,3
378,Image 378,199061,216,False,images/img_378.jpg,2
379,Image 379,56084,541,True,images/img_379.jpg,1
380,Image 380,327587,468,True,images/img_380.jpg,3
381,Image 381,147560,840,True,images/img_381.jpg,2
382,Image 382,33089,862,True,images/img_382.jpg,4
383,Image 383,348883,202,False,images/img_383.jpg,2
384,Image 384,496887,337,False,images/img_384.jpg,2
385,Image 385,379540,750,True,images/img_385.jpg,2
386,Image 386,115759,838,True,images/img_386.jpg,4
387,Image 387,262547,414,True,images/img_387.jpg,3
388,Image 388,177800,189,False,images/img_388.jpg,3
389,Image 389,220591,34,False,images/img_389.jpg,4
390,Image 390,222448,763,True,images/img_390.jpg,5
391,Image 391,15173,2,False,images/img_391.jpg,2
392,Image 392,486499,687,False,images/img_392.jpg,2
393,Image 393,424395,405,False,images/img_393.jpg,4
394,Image 394,68892,357,False,images/img_394.jpg,5
395,Image 395,329648,520,True,images/img_395.jpg,4
396,Image 396,446185,58,False,images/img_396.jpg,3
397,Image 397,178336,679,True,images/img_397.jpg,1
398,Image 398,485950,380,True,images/img_398.jpg,2
399,Image 399,487644,564,False,images/img_399.jpg,4
400,Image 400,364194,451,True,images/img_400.jpg,1
401,Image 401,159250,803,True,images/img_401.jpg,3
402,Image 402,83978,91,False,images/img_402.jpg,4
403,Image 403,21326,489,True,images/img_403.jpg,4
404,Image 404,181851,936,False,images/img_404.jpg,4
405,Image 405,200965,313,True,images/img_405.jpg,2
406,Image 406,12443,774,False,images/img_406.jpg,5
407,Image 407,277085,230,True,images/img_407.jpg,4
408,Image 408,121128,67,True,images/img_408.jpg,5
409,Image 409,190181,821,False,images/img_409.jpg,5
410,Image 410,208956,629,True,images/img_410.jpg,1
411,Image 411,378230,416,True,images/img_411.jpg,4
412,Image 412,258053,898,True,images/img_412.jpg,5
413,Image 413,253000,657,False,images/img_413.jpg,2
414,Image 414,30869,514,False,images/img_414.jpg,2
415,Image 415,460397,323,False,images/img_415.jpg,3
416,Image 416,464837,843,True,images/img_416.jpg,4
417,Image 417,382241,66,True,images/img_417.jpg,4
418,Image 418,112082,484,True,images/img_418.jpg,5
419,Image 419,197650,18,True,images/img_419.jpg,4
420,Image 420,102992,93,False,images/img_420.jpg,3
421,Image 421,487702,988,True,images/img_421.jpg,3
422,Image 422,141647,654,False,images/img_422.jpg,5
423,Image 423,369457,692,True,images/img_423.jpg,4
424,Image 424,98660,134,True,images/img_424.jpg,1
425,Image 425,218480,160,True,images/img_425.jpg,3
426,Image 426,24235,649,False,images/img_426.jpg,5
427,Image 427,453880,706,True,images/img_427.jpg,5
428,Image 428,405889,723,True,images/img_428.jpg,3
429,Image 429,419485,709,False,images/img_429.jpg,2
430,Image 430,412317,266,True,images/img_430.jpg,1
431,Image 431,310948,212,True,images/img_431.jpg,4
432,Image 432,30367,361,True,images/img_432.jpg,2
433,Image 433,143581,569,True,images/img_433.jpg,1
434,Image 434,303999,508,True,images/img_434.jpg,4
435,Image 435,27895,177,True,images/img_435.jpg,5
436,Image 436,71233,798,True,images/img_436.jpg,3
437,Image 437,348720,349,True,images/img_437.jpg,5
438,Image 438,265597,454,True,images/img_438.jpg,3
439,Image 439,259193,218,True,images/img_439.jpg,1
440,Image 440,481944,826,False,images/img_440.jpg,2
441,Image 441,385582,485,True,images/img_441.jpg,2
442,Image 442,65728,61,True,images/img_442.jpg,3
443,Image 443,307335,968,True,images/img_443.jpg,3
444,Image 444,31588,84,True,images/img_444.jpg,4
445,Image 445,462600,239,True,images/img_445.jpg,3
446,Image 446,143994,672,True,images/img_446.jpg,2
447,Image 447,456978,218,True,images/img_447.jpg,3
448,Image 448,447190,757,True,images/img_448.jpg,4
449,Image 449,211858,108,False,images/img_449.jpg,4
450,Image 450,322410,454,False,images/img_450.jpg,3
451,Image 451,30786,657,True,images/img_451.jpg,1
452,Image 452,399865,55,False,images/img_452.jpg,4
453,Image 453,124900,710,True,images/img_453.jpg,5
454,Image 454,481084,633,False,images/img_454.jpg,1
455,Image 455,318602,208,True,images/img_455.jpg,2
456,Image 456,332393,80,True,images/img_456.jpg,3
457,Image 457,422540,79,False,images/img_457.jpg,4
458,Image 458,435393,365,True,images/img_458.jpg,3
459,Image 459,266523,957,True,images/img_459.jpg,1
460,Image 460,496937,803,False,images/img_460.jpg,2
461,Image 461,341637,355,True,images/img_461.jpg,3
462,Image 462,41705,445,False,images/img_462.jpg,3
463,Image 463,320455,351,True,images/img_463.jpg,4
464,Image 464,481175,347,False,images/img_464.jpg,2
465,Image 465,58157,596,False,images/img_465.jpg,3
466,Image 466,267753,601,False,images/img_466.jpg,4
467,Image 467,185036,186,False,images/img_467.jpg,1
468,Image 468,92865,591,False,images/img_468.jpg,5
469,Image 469,415775,255,True,images/img_469.jpg,4
470,Image 470,77186,370,True,images/img_470.jpg,1
471,Image 471,280678,527,True,images/img_471.jpg,5
472,Image 472,350972,299,True,images/img_472.jpg,1
473,Image 473,356555,400,False,images/img_473.jpg,4
474,Image 474,398253,795,False,images/img_474.jpg,5
475,Image 475,316357,98,False,images/img_475.jpg,1
476,Image 476,269613,276,True,images/img_476.jpg,3
477,Image 477,447694,949,False,images/img_477.jpg,5
478,Image 478,122742,651,True,images/img_478.jpg,1
479,Image 479,102884,146,True,images/img_479.jpg,4
480,Image 480,261452,270,False,images/img_480.jpg,3
481,Image 481,488393,339,True,images/img_481.jpg,5
482,Image 482,74755,141,True,images/img_482.jpg,1
483,Image 483,305468,667,False,images/img_483.jpg,4
484,Image 484,447005,318,True,images/img_484.jpg,3
485,Image 485,289432,228,False,images/img_485.jpg,1
486,Image 486,195005,598,True,images/img_486.jpg,2
487,Image 487,398490,257,False,images/img_487.jpg,2
488,Image 488,354731,398,True,images/img_488.jpg,4
489,Image 489,289139,74,True,images/img_489.jpg,1
490,Image 490,19062,764,False,images/img_490.jpg,5
491,Image 491,400193,710,False,images/img_491.jpg,3
492,Image 492,174976,41,False,images/img_492.jpg,5
493,Image 493,241684,338,True,images/img_493.jpg,1
494,Image 494,83884,751,False,images/img_494.jpg,1
495,Image 495,485191,244,False,images/img_495.jpg,3
496,Image 496,33959,146,True,images/img_496.jpg,5
497,Image 497,378722,534,True,images/img_497.jpg,5
498,Image 498,293151,115,False,images/img_498.jpg,3
499,Image 499,66599,760,True,images/img_499.jpg,3
500,Image 500,304172,863,False,images/img_500.jpg,4
501,Image 501,338780,340,False,images/img_501.jpg,3
502,Image 502,437336,365,True,images/img_502.jpg,5
503,Image 503,76009,518,True,images/img_503.jpg,2
504,Image 504,483870,405,True,images/img_504.jpg,2
505,Image 505,180531,373,True,images/img_505.jpg,3
506,Image 506,68149,165,False,images/img_506.jpg,1
507,Image 507,337861,971,True,images/img_507.jpg,2
508,Image 508,130178,611,False,images/img_508.jpg,2
509,Image 509,431546,781,True,images/img_509.jpg,4
510,Image 510,28714,81,False,images/img_510.jpg,4
511,Image 511,286534,237,False,images/img_511.jpg,3
512,Image 512,357832,961,False,images/img_512.jpg,5
513,Image 513,397015,581,True,images/img_513.jpg,4
514,Image 514,476412,850,True,images/img_514.jpg,4
515,Image 515,458111,371,True,images/img_515.jpg,5
516,Image 516,74464,66,True,images/img_516.jpg,3
517,Image 517,143308,952,False,images/img_517.jpg,3
518,Image 518,215368,976,False,images/img_518.jpg,4
519,Image 519,328279,504,True,images/img_519.jpg,2
520,Image 520,78038,581,False,images/img_520.jpg,5
521,Image 521,65838,629,False,images/img_521.jpg,5
522,Image 522,347939,522,False,images/img_522.jpg,3
523,Image 523,137138,252,False,images/img_523.jpg,5
524,Image 524,33935,325,False,images/img_524.jpg,3
525,Image 525,13194,254,True,images/img_525.jpg,5
526,Image 526,147634,634,True,images/img_526.jpg,2
527,Image 527,53841,577,False,images/img_527.jpg,4
528,Image 528,103629,728,True,images/img_528.jpg,4
529,Image 529,308239,517,True,images/img_529.jpg,1
530,Image 530,81702,275,True,images/img_530.jpg,4
531,Image 531,225811,120,True,images/img_531.jpg,1
532,Image 532,464511,791,False,images/img_532.jpg,2
533,Image 533,335909,64,True,images/img_533.jpg,2
534,Image 534,197487,33,True,images/img_534.jpg,4
535,Image 535,272173,908,False,images/img_535.jpg,5
536,Image 536,175678,559,False,images/img_536.jpg,2
537,Image 537,365580,805,False,images/img_537.jpg,2
538,Image 538,219920,567,False,images/img_538.jpg,4
539,Image 539,450837,690,True,images/img_539.jpg,1
540,Image 540,391528,568,True,images/img_540.jpg,5
541,Image 541,298976,403,False,images/img_541.jpg,4
542,Image 542,112242,304,True,images/img_542.jpg,1
543,Image 543,141427,330,False,images/img_543.jpg,5
544,Image 544,62675,326,True,images/img_544.jpg,1
545,Image 545,469993,270,True,images/img_545.jpg,2
546,Image 546,434042,458,True,images/img_546.jpg,4
547,Image 547,102424,593,True,images/img_547.jpg,2
548,Image 548,383591,927,False,images/img_548.jpg,1
549,Image 549,176524,626,False,images/img_549.jpg,4
550,Image 550,372227,926,False,images/img_550.jpg,1
551,Image 551,479330,938,True,images/img_551.jpg,2
552,Image 552,24487,71,True,images/img_552.jpg,4
553,Image 553,150683,743,False,images/img_553.jpg,1
554,Image 554,435875,257,True,images/img_554.jpg,4
555,Image 555,93560,816,True,images/img_555.jpg,3
556,Image 556,265044,741,True,images/img_556.jpg,5
557,Image 557,493057,380,True,images/img_557.jpg,2
558,Image 558,468316,935,False,images/img_558.jpg,2
559,Image 559,403038,215,True,images/img_559.jpg,1
560,Image 560,468809,981,True,images/img_560.jpg,1
561,Image 561,363837,430,True,images/img_561.jpg,3
562,Image 562,495077,218,True,images/img_562.jpg,4
563,Image 563,395339,678,True,images/img_563.jpg,3
564,Image 564,40109,1,False,images/img_564.jpg,5
565,Image 565,31270,529,False,images/img_565.jpg,3
566,Image 566,296317,599,False,images/img_566.jpg,5
567,Image 567,476641,816,False,images/img_567.jpg,3
568,Image 568,396372,730,False,images/img_568.jpg,3
569,Image 569,136257,986,False,images/img_569.jpg,3
570,Image 570,195170,806,True,images/img_570.jpg,5
571,Image 571,461570,188,True,images/img_571.jpg,4
572,Image 572,160796,301,True,images/img_572.jpg,5
573,Image 573,330610,901,False,images/img_573.jpg,4
574,Image 574,70986,139,True,images/img_574.jpg,2
575,Image 575,420184,813,False,images/img_575.jpg,2
576,Image 576,134936,888,True,images/img_576.jpg,3
577,Image 577,358984,324,True,images/img_577.jpg,3
578,Image 578,54350,544,False,images/img_578.jpg,3
579,Image 579,255044,624,True,images/img_579.jpg,1
580,Image 580,261368,197,False,images/img_580.jpg,5
581,Image 581,316973,624,False,images/img_581.jpg,2
582,Image 582,296939,316,False,images/img_582.jpg,5
583,Image 583,296921,992,True,images/img_583.jpg,3
584,Image 584,174180,209,True,images/img_584.jpg,4
585,Image 585,357924,983,False,images/img_585.jpg,5
586,Image 586,139266,259,False,images/img_586.jpg,4
587,Image 587,129454,176,True,images/img_587.jpg,1
588,Image 588,249597,975,True,images/img_588.jpg,4
589,Image 589,394954,16,True,images/img_589.jpg,2
590,Image 590,94329,643,False,images/img_590.jpg,4
591,Image 591,171674,604,False,images/img_591.jpg,3
592,Image 592,114078,809,False,images/img_592.jpg,3
593,Image 593,139357,556,False,images/img_593.jpg,1
594,Image 594,270591,147,True,images/img_594.jpg,3
595,Image 595,464934,97,False,images/img_595.jpg,4
596,Image 596,16308,957,False,images/img_596.jpg,2
597,Image 597,282120,242,False,images/img_597.jpg,4
598,Image 598,334351,656,True,images/img_598.jpg,2
599,Image 599,299322,43,False,images/img_599.jpg,2
600,Image 600,452909,685,False,images/img_600.jpg,2
601,Image 601,332879,40,True,images/img_601.jpg,3
602,Image 602,92127,990,True,images/img_602.jpg,1
603,Image 603,475437,14,False,images/img_603.jpg,4
604,Image 604,343677,200,False,images/img_604.jpg,2
605,Image 605,238600,527,False,images/img_605.jpg,4
606,Image 606,420489,995,True,images/img_606.jpg,3
607,Image 607,338943,631,True,images/img_607.jpg,4
608,Image 608,123171,863,True,images/img_608.jpg,2
609,Image 609,60406,923,True,images/img_609.jpg,3
610,Image 610,456008,786,False,images/img_610.jpg,1
611,Image 611,349419,523,False,images/img_611.jpg,5
612,Image 612,28271,466,True,images/img_612.jpg,5
613,Image 613,383702,889,False,images/img_613.jpg,1
614,Image 614,374050,611,False,images/img_614.jpg,5
615,Image 615,386992,635,False,images/img_615.jpg,4
616,Image 616,169058,341,True,images/img_616.jpg,4
617,Image 617,432141,399,False,images/img_617.jpg,2
618,Image 618,362824,455,True,images/img_618.jpg,4
619,Image 619,392855,248,True,images/img_619.jpg,4
620,Image 620,110858,187,False,images/img_620.jpg,5
621,Image 621,356527,338,False,images/img_621.jpg,2
622,Image 622,71332,472,True,images/img_622.jpg,2
623,Image 623,165435,439,True,images/img_623.jpg,1
624,Image 624,114540,912,True,images/img_624.jpg,4
625,Image 625,330589,480,False,images/img_625.jpg,2
626,Image 626,180497,967,False,images/img_626.jpg,4
627,Image 627,455461,636,False,images/img_627.jpg,1
628,Image 628,346522,805,True,images/img_628.jpg,1
629,Image 629,415075,832,True,images/img_629.jpg,2
630,Image 630,348351,152,False,images/img_630.jpg,4
631,Image 631,275165,919,True,images/img_631.jpg,4
632,Image 632,499592,744,False,images/img_632.jpg,4
633,Image 633,458810,16,True,images/img_633.jpg,5
634,Image 634,215200,664,True,images/img_634.jpg,4
635,Image 635,443409,518,True,images/img_635.jpg,5
636,Image 636,260676,532,True,images/img_636.jpg,3
637,Image 637,436095,498,False,images/img_637.jpg,5
638,Image 638,80145,491,True,images/img_638.jpg,2
639,Image 639,263662,118,False,images/img_639.jpg,5
640,Image 640,50240,360,False,images/img_640.jpg,1
641,Image 641,228778,812,False,images/img_641.jpg,1
642,Image 642,414047,537,True,images/img_642.jpg,5
643,Image 643,381322,735,True,images/img_643.jpg,3
644,Image 644,18421,138,True,images/img_644.jpg,3
645,Image 645,335434,668,True,images/img_645.jpg,3
646,Image 646,332065,131,True,images/img_646.jpg,2
647,Image 647,412018,88,False,images/img_647.jpg,1
648,Image 648,239351,75,False,images/img_648.jpg,4
649,Image 649,95060,106,True,images/img_649.jpg,2
650,Image 650,342624,294,True,images/img_650.jpg,1
651,Image 651,290978,694,True,images/img_651.jpg,4
652,Image 652,458354,349,True,images/img_652.jpg,3
653,Image 653,388918,682,False,images/img_653.jpg,3
654,Image 654,342667,489,False,images/img_654.jpg,2
655,Image 655,395077,303,True,images/img_655.jpg,4
656,Image 656,259984,970,False,images/img_656.jpg,3
657,Image 657,207316,132,False,images/img_657.jpg,4
658,Image 658,424066,660,True,images/img_658.jpg,4
659,Image 659,239113,420,True,images/img_659.jpg,1
660,Image 660,124979,487,False,images/img_660.jpg,2
661,Image 661,166016,828,True,images/img_661.jpg,5
662,Image 662,397624,166,False,images/img_662.jpg,1
663,Image 663,416628,80,False,images/img_663.jpg,2
664,Image 664,220333,950,True,images/img_664.jpg,1
665,Image 665,139189,889,False,images/img_665.jpg,1
666,Image 666,191094,904,True,images/img_666.jpg,5
667,Image 667,282350,403,True,images/img_667.jpg,3
668,Image 668,311469,968,False,images/img_668.jpg,4
669,Image 669,82484,957,True,images/img_669.jpg,4
670,Image 670,55524,713,False,images/img_670.jpg,1
671,Image 671,309639,998,True,images/img_671.jpg,5
672,Image 672,348372,734,True,images/img_672.jpg,4
673,Image 673,303791,382,True,images/img_673.jpg,5
674,Image 674,443889,190,False,images/img_674.jpg,4
675,Image 675,342949,824,True,images/img_675.jpg,1
676,Image 676,17924,694,True,images/img_676.jpg,2
677,Image 677,257396,376,False,images/img_677.jpg,3
678,Image 678,481442,285,True,images/img_678.jpg,3
679,Image 679,11924,222,True,images/img_679.jpg,3
680,Image 680,395243,764,True,images/img_680.jpg,3
681,Image 681,488801,809,True,images/img_681.jpg,5
682,Image 682,154127,197,False,images/img_682.jpg,2
683,Image 683,362461,480,True,images/img_683.jpg,5
684,Image 684,235493,908,True,images/img_684.jpg,3
685,Image 685,107844,901,True,images/img_685.jpg,5
686,Image 686,78246,339,True,images/img_686.jpg,2
687,Image 687,416969,196,False,images/img_687.jpg,1
688,Image 688,279687,663,False,images/img_688.jpg,1
689,Image 689,94994,262,False,images/img_689.jpg,5
690,Image 690,84551,349,True,images/img_690.jpg,3
691,Image 691,19449,472,False,images/img_691.jpg,4
692,Image 692,136406,957,True,images/img_692.jpg,1
693,Image 693,10333,257,True,images/img_693.jpg,2
694,Image 694,276539,635,True,images/img_694.jpg,1
695,Image 695,90863,874,True,images/img_695.jpg,3
696,Image 696,139727,800,False,images/img_696.jpg,5
697,Image 697,154626,903,True,images/img_697.jpg,2
698,Image 698,266012,217,False,images/img_698.jpg,1
699,Image 699,446791,996,False,images/img_699.jpg,2
700,Image 700,382563,983,True,images/img_700.jpg,2
701,Image 701,380578,923,False,images/img_701.jpg,3
702,Image 702,481487,753,True,images/img_702.jpg,4
703,Image 703,286921,529,False,images/img_703.jpg,3
704,Image 704,397771,920,True,images/img_704.jpg,1
705,Image 705,15908,560,True,images/img_705.jpg,5
706,Image 706,106604,679,False,images/img_706.jpg,3
707,Image 707,493176,569,True,images/img_707.jpg,2
708,Image 708,372635,162,False,images/img_708.jpg,1
709,Image 709,27489,622,False,images/img_709.jpg,5
710,Image 710,401778,910,False,images/img_710.jpg,4
711,Image 711,210258,527,True,images/img_711.jpg,2
712,Image 712,475930,853,False,images/img_712.jpg,2
713,Image 713,237080,723,True,images/img_713.jpg,1
714,Image 714,225456,313,False,images/img_714.jpg,4
715,Image 715,314047,342,False,images/img_715.jpg,3
716,Image 716,252744,835,False,images/img_716.jpg,5
717,Image 717,211611,557,True,images/img_717.jpg,2
718,Image 718,499077,521,True,images/img_718.jpg,2
719,Image 719,488947,26,False,images/img_719.jpg,3
720,Image 720,475942,763,True,images/img_720.jpg,2
721,Image 721,453132,812,False,images/img_721.jpg,5
722,Image 722,468153,649,True,images/img_722.jpg,3
723,Image 723,332395,844,False,images/img_723.jpg,1
724,Image 724,194514,712,False,images/img_724.jpg,1
725,Image 725,172269,626,False,images/img_725.jpg,1
726,Image 726,185274,901,False,images/img_726.jpg,2
727,Image 727,326837,300,True,images/img_727.jpg,4
728,Image 728,285342,276,True,images/img_728.jpg,2
729,Image 729,30976,816,True,images/img_729.jpg,5
730,Image 730,332462,97,False,images/img_730.jpg,5
731,Image 731,330555,93,True,images/img_731.jpg,2
732,Image 732,49840,591,False,images/img_732.jpg,2
733,Image 733,304655,207,True,images/img_733.jpg,2
734,Image 734,467335,280,True,images/img_734.jpg,4
735,Image 735,272210,289,False,images/img_735.jpg,4
736,Image 736,156142,33,False,images/img_736.jpg,3
737,Image 737,124188,59,False,images/img_737.jpg,1
738,Image 738,493945,679,False,images/img_738.jpg,1
739,Image 739,229840,105,False,images/img_739.jpg,2
740,Image 740,273242,138,True,images/img_740.jpg,3
741,Image 741,147690,735,True,images/img_741.jpg,1
742,Image 742,46547,328,True,images/img_742.jpg,4
743,Image 743,67351,101,True,images/img_743.jpg,4
744,Image 744,26747,809,True,images/img_744.jpg,2
745,Image 745,216723,188,True,images/img_745.jpg,4
746,Image 746,480140,488,False,images/img_746.jpg,4
747,Image 747,460367,788,False,images/img_747.jpg,2
748,Image 748,250897,887,False,images/img_748.jpg,3
749,Image 749,337030,841,False,images/img_749.jpg,1
750,Image 750,183033,423,True,images/img_750.jpg,4
751,Image 751,18498,313,False,images/img_751.jpg,2
752,Image 752,403786,600,True,images/img_752.jpg,3
753,Image 753,337036,47,False,images/img_753.jpg,1
754,Image 754,70918,201,False,images/img_754.jpg,4
755,Image 755,281872,184,False,images/img_755.jpg,3
756,Image 756,196455,298,True,images/img_756.jpg,5
757,Image 757,170442,325,False,images/img_757.jpg,4
758,Image 758,186239,102,False,images/img_758.jpg,5
759,Image 759,152748,452,True,images/img_759.jpg,1
760,Image 760,89520,571,False,images/img_760.jpg,4
761,Image 761,60739,966,True,images/img_761.jpg,1
762,Image 762,27162,136,False,images/img_762.jpg,1
763,Image 763,313812,170,True,images/img_763.jpg,5
764,Image 764,431151,203,False,images/img_764.jpg,1
765,Image 765,26504,150,False,images/img_765.jpg,3
766,Image 766,469379,953,True,images/img_766.jpg,5
767,Image 767,366411,378,True,images/img_767.jpg,3
768,Image 768,29166,921,False,images/img_768.jpg,5
769,Image 769,411051,335,False,images/img_769.jpg,3
770,Image 770,372081,135,True,images/img_770.jpg,3
771,Image 771,482038,753,False,images/img_771.jpg,1
772,Image 772,294129,127,False,images/img_772.jpg,4
773,Image 773,260294,870,False,images/img_773.jpg,1
774,Image 774,89423,807,False,images/img_774.jpg,1
775,Image 775,239199,853,False,images/img_775.jpg,2
776,Image 776,27030,945,True,images/img_776.jpg,2
777,Image 777,494210,639,False,images/img_777.jpg,3
778,Image 778,380387,416,True,images/img_778.jpg,4
779,Image 779,147481,836,True,images/img_779.jpg,4
780,Image 780,466000,317,False,images/img_780.jpg,4
781,Image 781,83390,145,True,images/img_781.jpg,5
782,Image 782,291363,652,True,images/img_782.jpg,5
783,Image 783,117983,462,False,images/img_783.jpg,2
784,Image 784,340148,80,False,images/img_784.jpg,1
785,Image 785,73427,767,True,images/img_785.jpg,2
786,Image 786,268233,107,False,images/img_786.jpg,4
787,Image 787,176587,208,True,images/img_787.jpg,5
788,Image 788,189247,26,False,images/img_788.jpg,2
789,Image 789,108016,914,False,images/img_789.jpg,3
790,Image 790,177763,408,False,images/img_790.jpg,2
791,Image 791,210256,887,True,images/img_791.jpg,3
792,Image 792,373865,557,True,images/img_792.jpg,4
793,Image 793,191082,534,True,images/img_793.jpg,2
794,Image 794,401271,991,True,images/img_794.jpg,4
795,Image 795,32727,628,True,images/img_795.jpg,4
796,Image 796,320287,199,True,images/img_796.jpg,2
797,Image 797,272656,221,True,images/img_797.jpg,2
798,Image 798,85932,719,False,images/img_798.jpg,2
799,Image 799,192574,181,True,images/img_799.jpg,5
800,Image 800,46159,717,True,images/img_800.jpg,2
801,Image 801,315302,898,True,images/img_801.jpg,5
802,Image 802,151191,133,False,images/img_802.jpg,5
803,Image 803,173018,321,True,images/img_803.jpg,1
804,Image 804,36838,988,False,images/img_804.jpg,2
805,Image 805,417347,55,False,images/img_805.jpg,4
806,Image 806,408302,974,False,images/img_806.jpg,3
807,Image 807,58860,903,False,images/img_807.jpg,4
808,Image 808,152856,933,True,images/img_808.jpg,4
809,Image 809,442637,405,True,images/img_809.jpg,1
810,Image 810,439016,394,False,images/img_810.jpg,5
811,Image 811,69067,458,False,images/img_811.jpg,3
812,Image 812,248080,852,False,images/img_812.jpg,4
813,Image 813,342467,928,True,images/img_813.jpg,4
814,Image 814,285981,806,False,images/img_814.jpg,1
815,Image 815,94629,135,False,images/img_815.jpg,3
816,Image 816,238162,30,True,images/img_816.jpg,5
817,Image 817,194097,663,True,images/img_817.jpg,4
818,Image 818,139166,32,True,images/img_818.jpg,2
819,Image 819,379389,337,False,images/img_819.jpg,2
820,Image 820,217191,806,False,images/img_820.jpg,4
821,Image 821,54185,372,False,images/img_821.jpg,1
822,Image 822,325526,13,False,images/img_822.jpg,3
823,Image 823,137046,340,False,images/img_823.jpg,3
824,Image 824,197105,958,True,images/img_824.jpg,4
825,Image 825,188009,198,False,images/img_825.jpg,1
826,Image 826,62645,627,False,images/img_826.jpg,4
827,Image 827,10144,960,False,images/img_827.jpg,1
828,Image 828,262908,153,True,images/img_828.jpg,4
829,Image 829,405139,314,True,images/img_829.jpg,3
830,Image 830,345789,41,True,images/img_830.jpg,3
831,Image 831,267829,964,True,images/img_831.jpg,2
832,Image 832,31679,913,True,images/img_832.jpg,5
833,Image 833,110120,680,True,images/img_833.jpg,1
834,Image 834,304765,744,True,images/img_834.jpg,5
835,Image 835,102803,440,False,images/img_835.jpg,5
836,Image 836,334058,521,True,images/img_836.jpg,5
837,Image 837,441406,361,True,images/img_837.jpg,5
838,Image 838,250387,509,True,images/img_838.jpg,4
839,Image 839,298465,556,False,images/img_839.jpg,3
840,Image 840,278191,491,True,images/img_840.jpg,2
841,Image 841,359658,810,False,images/img_841.jpg,1
842,Image 842,281804,130,True,images/img_842.jpg,3
843,Image 843,227907,44,True,images/img_843.jpg,1
844,Image 844,51917,507,False,images/img_844.jpg,1
845,Image 845,197572,637,True,images/img_845.jpg,5
846,Image 846,495231,795,True,images/img_846.jpg,5
847,Image 847,158852,449,True,images/img_847.jpg,2
848,Image 848,12917,254,False,images/img_848.jpg,4
849,Image 849,320604,346,True,images/img_849.jpg,4
850,Image 850,141850,959,True,images/img_850.jpg,3
851,Image 851,235653,998,False,images/img_851.jpg,4
852,Image 852,320095,513,False,images/img_852.jpg,1
853,Image 853,75654,405,True,images/img_853.jpg,3
854,Image 854,464796,602,True,images/img_854.jpg,2
855,Image 855,493340,383,False,images/img_855.jpg,5
856,Image 856,466565,268,False,images/img_856.jpg,2
857,Image 857,276917,471,True,images/img_857.jpg,2
858,Image 858,69321,370,False,images/img_858.jpg,5
859,Image 859,431369,367,True,images/img_859.jpg,1
860,Image 860,187121,819,True,images/img_860.jpg,2
861,Image 861,92898,510,True,images/img_861.jpg,2
862,Image 862,162726,331,True,images/img_862.jpg,1
863,Image 863,10105,117,True,images/img_863.jpg,3
864,Image 864,102824,415,False,images/img_864.jpg,2
865,Image 865,77129,721,True,images/img_865.jpg,5
866,Image 866,62531,372,False,images/img_866.jpg,5
867,Image 867,476377,416,False,images/img_867.jpg,4
868,Image 868,252092,209,False,images/img_868.jpg,4
869,Image 869,310864,919,False,images/img_869.jpg,2
870,Image 870,196425,104,False,images/img_870.jpg,3
871,Image 871,221815,146,False,images/img_871.jpg,5
872,Image 872,269534,618,True,images/img_872.jpg,4
873,Image 873,434928,700,False,images/img_873.jpg,1
874,Image 874,142701,881,True,images/img_874.jpg,3
875,Image 875,452100,327,True,images/img_875.jpg,5
876,Image 876,116047,178,True,images/img_876.jpg,1
877,Image 877,327841,743,False,images/img_877.jpg,2
878,Image 878,119349,999,False,images/img_878.jpg,5
879,Image 879,158418,810,False,images/img_879.jpg,3
880,Image 880,169722,772,False,images/img_880.jpg,1
881,Image 881,394924,798,False,images/img_881.jpg,5
882,Image 882,432381,352,True,images/img_882.jpg,2
883,Image 883,233810,591,False,images/img_883.jpg,1
884,Image 884,355447,254,False,images/img_884.jpg,2
885,Image 885,120243,536,False,images/img_885.jpg,3
886,Image 886,185483,233,True,images/img_886.jpg,4
887,Image 887,47427,864,True,images/img_887.jpg,5
888,Image 888,404949,859,False,images/img_888.jpg,2
889,Image 889,104102,760,False,images/img_889.jpg,1
890,Image 890,262671,112,True,images/img_890.jpg,4
891,Image 891,307155,981,True,images/img_891.jpg,2
892,Image 892,498825,656,True,images/img_892.jpg,3
893,Image 893,148144,872,False,images/img_893.jpg,1
894,Image 894,210014,901,False,images/img_894.jpg,4
895,Image 895,312580,114,True,images/img_895.jpg,1
896,Image 896,370590,363,True,images/img_896.jpg,3
897,Image 897,344534,654,True,images/img_897.jpg,5
898,Image 898,40440,661,True,images/img_898.jpg,1
899,Image 899,387136,251,True,images/img_899.jpg,5
900,Image 900,447639,945,False,images/img_900.jpg,1
901,Image 901,345276,578,False,images/img_901.jpg,3
902,Image 902,465729,955,True,images/img_902.jpg,5
903,Image 903,227005,644,True,images/img_903.jpg,4
904,Image 904,239771,292,False,images/img_904.jpg,5
905,Image 905,29266,200,False,images/img_905.jpg,2
906,Image 906,154995,958,True,images/img_906.jpg,2
907,Image 907,212834,50,True,images/img_907.jpg,4
908,Image 908,399480,484,True,images/img_908.jpg,1
909,Image 909,298627,267,False,images/img_909.jpg,3
910,Image 910,84222,401,True,images/img_910.jpg,1
911,Image 911,23003,580,False,images/img_911.jpg,4
912,Image 912,322663,73,False,images/img_912.jpg,2
913,Image 913,223641,680,False,images/img_913.jpg,2
914,Image 914,18634,24,False,images/img_914.jpg,3
915,Image 915,121395,73,True,images/img_915.jpg,4
916,Image 916,12954,419,True,images/img_916.jpg,4
917,Image 917,440177,347,False,images/img_917.jpg,2
918,Image 918,249108,974,False,images/img_918.jpg,3
919,Image 919,67608,745,False,images/img_919.jpg,1
920,Image 920,81338,802,True,images/img_920.jpg,3
921,Image 921,157780,301,False,images/img_921.jpg,1
922,Image 922,84680,839,False,images/img_922.jpg,1
923,Image 923,141113,158,True,images/img_923.jpg,2
924,Image 924,279065,122,True,images/img_924.jpg,5
925,Image 925,205017,399,True,images/img_925.jpg,5
926,Image 926,292655,417,True,images/img_926.jpg,4
927,Image 927,299695,717,False,images/img_927.jpg,5
928,Image 928,377115,928,True,images/img_928.jpg,3
929,Image 929,175343,302,True,images/img_929.jpg,1
930,Image 930,486741,379,False,images/img_930.jpg,5
931,Image 931,320304,928,False,images/img_931.jpg,2
932,Image 932,343539,994,True,images/img_932.jpg,3
933,Image 933,126875,792,False,images/img_933.jpg,3
934,Image 934,103868,850,True,images/img_934.jpg,4
935,Image 935,308585,725,False,images/img_935.jpg,5
936,Image 936,86222,246,False,images/img_936.jpg,2
937,Image 937,241819,619,False,images/img_937.jpg,1
938,Image 938,207633,922,True,images/img_938.jpg,2
939,Image 939,35004,69,False,images/img_939.jpg,5
940,Image 940,217015,405,False,images/img_940.jpg,1
941,Image 941,77470,717,False,images/img_941.jpg,2
942,Image 942,202163,627,True,images/img_942.jpg,1
943,Image 943,39382,1000,False,images/img_943.jpg,5
944,Image 944,61829,575,False,images/img_944.jpg,3
945,Image 945,194410,785,False,images/img_945.jpg,2
946,Image 946,449037,280,True,images/img_946.jpg,4
947,Image 947,87943,622,True,images/img_947.jpg,3
948,Image 948,85281,243,False,images/img_948.jpg,1
949,Image 949,169308,581,True,images/img_949.jpg,4
950,Image 950,80551,831,True,images/img_950.jpg,3
951,Image 951,28509,85,False,images/img_951.jpg,1
952,Image 952,48190,631,False,images/img_952.jpg,1
953,Image 953,194716,297,False,images/img_953.jpg,2
954,Image 954,454212,768,False,images/img_954.jpg,2
955,Image 955,224207,343,True,images/img_955.jpg,5
956,Image 956,126835,213,True,images/img_956.jpg,5
957,Image 957,428611,168,False,images/img_957.jpg,1
958,Image 958,445393,724,False,images/img_958.jpg,4
959,Image 959,341062,851,True,images/img_959.jpg,3
960,Image 960,12042,398,False,images/img_960.jpg,3
961,Image 961,421850,111,True,images/img_961.jpg,4
962,Image 962,79900,314,True,images/img_962.jpg,5
963,Image 963,231844,507,False,images/img_963.jpg,2
964,Image 964,276142,824,True,images/img_964.jpg,3
965,Image 965,455436,452,False,images/img_965.jpg,5
966,Image 966,99258,503,True,images/img_966.jpg,2
967,Image 967,236861,163,False,images/img_967.jpg,4
968,Image 968,358735,556,False,images/img_968.jpg,3
969,Image 969,208205,810,True,images/img_969.jpg,4
970,Image 970,481836,360,True,images/img_970.jpg,2
971,Image 971,252162,669,True,images/img_971.jpg,1
972,Image 972,257921,454,True,images/img_972.jpg,2
973,Image 973,179472,560,True,images/img_973.jpg,1
974,Image 974,22432,259,False,images/img_974.jpg,1
975,Image 975,391509,502,True,images/img_975.jpg,5
976,Image 976,275423,789,False,images/img_976.jpg,2
977,Image 977,423299,170,True,images/img_977.jpg,2
978,Image 978,91730,205,False,images/img_978.jpg,3
979,Image 979,171569,84,False,images/img_979.jpg,4
980,Image 980,62763,503,False,images/img_980.jpg,4
981,Image 981,284914,619,True,images/img_981.jpg,1
982,Image 982,80515,963,False,images/img_982.jpg,5
983,Image 983,53831,424,False,images/img_983.jpg,4
984,Image 984,162566,508,False,images/img_984.jpg,5
985,Image 985,282322,888,False,images/img_985.jpg,1
986,Image 986,320799,9,False,images/img_986.jpg,1
987,Image 987,213456,628,True,images/img_987.jpg,1
988,Image 988,265198,499,False,images/img_988.jpg,1
989,Image 989,421896,75,True,images/img_989.jpg,3
990,Image 990,79375,458,False,images/img_990.jpg,1
991,Image 991,386633,264,True,images/img_991.jpg,5
992,Image 992,202877,618,False,images/img_992.jpg,2
993,Image 993,220684,398,False,images/img_993.jpg,3
994,Image 994,89395,351,False,images/img_994.jpg,3
995,Image 995,123753,63,True,images/img_995.jpg,5
996,Image 996,132169,403,False,images/img_996.jpg,2
997,Image 997,247488,893,True,images/img_997.jpg,4
998,Image 998,19584,899,False,images/img_998.jpg,1
999,Image 999,222469,709,True,images/img_999.jpg,3
1000,Image 1000,189875,873,True,images/img_1000.jpg,3
