id,order_id,address,city,delivery_fee,is_express,delivered_at
1,10,Shipping Address 1,Kumasi,13.69,True,2023-07-31 11:46:39.919220
2,695,Shipping Address 2,Accra,26.29,False,2023-09-14 03:15:51.285254
3,395,Shipping Address 3,Takoradi,5.06,True,2023-04-23 18:27:29.729701
4,649,Shipping Address 4,Tamale,17.96,True,2023-10-03 11:26:03.122807
5,643,Shipping Address 5,Takoradi,26.36,True,2024-01-03 20:43:23.079852
6,197,Shipping Address 6,Kumasi,16.43,False,2024-01-05 12:22:00.097400
7,182,Shipping Address 7,Takoradi,13.51,True,2024-01-06 13:16:11.245530
8,387,Shipping Address 8,Takoradi,29.87,True,2024-06-05 16:29:55.345718
9,862,Shipping Address 9,Kumasi,8.84,True,2024-10-14 11:57:29.174454
10,592,Shipping Address 10,Takoradi,21.6,True,2024-12-12 05:05:22.334496
11,532,Shipping Address 11,Kumasi,20.38,True,2024-01-18 03:20:40.066992
12,128,Shipping Address 12,Takoradi,15.67,True,2024-08-06 00:35:53.761091
13,747,Shipping Address 13,Kumasi,24.77,False,2024-05-24 03:18:59.375425
14,931,Shipping Address 14,Kumasi,11.95,True,2024-01-29 19:57:02.283778
15,502,Shipping Address 15,Takoradi,11.69,False,2023-06-15 00:14:14.033653
16,740,Shipping Address 16,Takoradi,25.17,False,2023-01-28 13:43:34.756093
17,337,Shipping Address 17,Kumasi,26.52,True,2023-05-08 03:06:32.715732
18,403,Shipping Address 18,Accra,14.76,True,2023-12-21 16:54:50.107910
19,986,Shipping Address 19,Takoradi,29.98,False,2023-12-31 11:25:24.262054
20,447,Shipping Address 20,Tamale,7.23,False,2023-04-14 00:50:02.931686
21,382,Shipping Address 21,Accra,29.94,False,2024-10-06 19:56:54.745206
22,931,Shipping Address 22,Kumasi,21.73,True,2023-03-10 19:05:53.337726
23,669,Shipping Address 23,Takoradi,18.24,False,2024-06-24 11:18:49.906659
24,601,Shipping Address 24,Kumasi,26.71,True,2023-02-06 13:12:47.394676
25,18,Shipping Address 25,Accra,7.99,True,2023-04-30 11:45:53.586384
26,258,Shipping Address 26,Tamale,10.47,False,2024-12-06 19:34:57.099155
27,54,Shipping Address 27,Takoradi,22.37,True,2024-08-28 05:52:20.008188
28,656,Shipping Address 28,Tamale,29.54,False,2024-03-21 20:03:33.299411
29,730,Shipping Address 29,Takoradi,7.18,False,2024-04-13 14:39:13.867213
30,519,Shipping Address 30,Takoradi,16.3,False,2024-10-24 03:49:15.529743
31,205,Shipping Address 31,Takoradi,5.41,False,2023-01-24 11:42:24.118615
32,181,Shipping Address 32,Kumasi,27.89,True,2024-04-08 04:15:20.259728
33,475,Shipping Address 33,Kumasi,18.53,True,2024-08-04 18:42:28.312745
34,247,Shipping Address 34,Takoradi,14.4,True,2023-09-01 13:47:32.155074
35,446,Shipping Address 35,Tamale,24.63,False,2023-03-20 07:53:42.176110
36,443,Shipping Address 36,Kumasi,15.13,False,2024-07-10 17:55:07.795704
37,675,Shipping Address 37,Tamale,27.98,True,2023-11-07 15:43:33.630120
38,575,Shipping Address 38,Takoradi,18.58,False,2024-02-07 17:29:20.026506
39,137,Shipping Address 39,Tamale,26.46,True,2024-11-09 23:54:55.099712
40,65,Shipping Address 40,Accra,14.12,True,2023-01-18 09:02:26.207663
41,379,Shipping Address 41,Takoradi,6.01,True,2023-11-27 02:53:59.216029
42,808,Shipping Address 42,Kumasi,20.37,False,2023-04-01 20:42:19.434107
43,371,Shipping Address 43,Takoradi,22.4,False,2023-05-05 15:28:33.676490
44,969,Shipping Address 44,Tamale,11.21,False,2023-04-29 02:40:18.477599
45,140,Shipping Address 45,Kumasi,28.86,False,2024-11-09 17:44:33.380961
46,742,Shipping Address 46,Accra,15.52,True,2023-05-13 20:21:46.104597
47,183,Shipping Address 47,Kumasi,26.99,False,2024-08-10 02:07:04.136530
48,543,Shipping Address 48,Takoradi,6.35,True,2023-04-02 11:50:31.869492
49,772,Shipping Address 49,Kumasi,11.96,False,2024-04-26 01:14:49.406346
50,599,Shipping Address 50,Takoradi,5.43,True,2023-05-23 15:10:50.925320
51,262,Shipping Address 51,Kumasi,16.97,False,2023-05-06 05:08:19.509811
52,759,Shipping Address 52,Kumasi,21.0,True,2024-10-21 12:23:01.220276
53,407,Shipping Address 53,Tamale,21.49,True,2024-02-20 23:47:22.487393
54,796,Shipping Address 54,Accra,9.21,False,2024-01-13 08:01:08.216477
55,993,Shipping Address 55,Accra,27.48,False,2024-08-24 01:32:19.446715
56,540,Shipping Address 56,Accra,8.3,True,2023-12-14 15:16:09.715400
57,719,Shipping Address 57,Takoradi,25.82,False,2024-01-06 16:45:30.384485
58,557,Shipping Address 58,Takoradi,16.77,False,2023-05-02 19:37:22.830235
59,478,Shipping Address 59,Tamale,7.77,True,2024-08-17 10:42:54.253847
60,794,Shipping Address 60,Kumasi,9.58,True,2023-03-06 19:29:14.694989
61,140,Shipping Address 61,Takoradi,18.9,True,2023-09-20 04:07:53.807624
62,56,Shipping Address 62,Takoradi,14.48,True,2023-04-11 03:40:29.012292
63,32,Shipping Address 63,Takoradi,21.41,False,2024-05-27 10:04:01.964285
64,97,Shipping Address 64,Accra,19.11,True,2023-12-16 04:34:50.251247
65,306,Shipping Address 65,Takoradi,19.19,False,2023-02-08 02:07:16.928465
66,911,Shipping Address 66,Kumasi,23.4,True,2024-12-03 04:54:30.823230
67,88,Shipping Address 67,Accra,19.16,True,2023-09-30 12:07:10.421318
68,369,Shipping Address 68,Tamale,5.25,True,2024-12-09 14:43:21.127075
69,972,Shipping Address 69,Takoradi,21.54,True,2024-01-08 08:15:40.500689
70,782,Shipping Address 70,Takoradi,18.8,True,2023-07-25 21:01:17.034028
71,484,Shipping Address 71,Kumasi,29.28,False,2023-07-03 01:30:46.598356
72,363,Shipping Address 72,Kumasi,17.27,False,2023-05-11 16:29:31.815102
73,227,Shipping Address 73,Takoradi,10.19,False,2024-09-05 08:16:59.623953
74,569,Shipping Address 74,Tamale,12.0,True,2023-02-18 05:06:46.876088
75,250,Shipping Address 75,Accra,22.55,False,2023-05-25 07:46:03.502614
76,940,Shipping Address 76,Takoradi,13.33,True,2024-12-13 17:13:40.088292
77,494,Shipping Address 77,Tamale,19.88,True,2023-05-12 03:14:40.163381
78,230,Shipping Address 78,Takoradi,11.72,False,2024-06-07 17:03:32.707806
79,511,Shipping Address 79,Tamale,7.97,False,2023-09-06 23:55:29.110358
80,127,Shipping Address 80,Kumasi,11.11,False,2023-01-26 11:31:39.582288
81,418,Shipping Address 81,Accra,6.71,False,2024-06-01 09:08:34.163758
82,705,Shipping Address 82,Kumasi,17.03,False,2023-11-28 14:33:31.842364
83,735,Shipping Address 83,Accra,25.73,True,2024-06-12 12:58:42.985438
84,755,Shipping Address 84,Accra,26.44,False,2023-06-26 17:30:57.858908
85,861,Shipping Address 85,Takoradi,21.68,False,2024-12-16 09:38:19.281325
86,32,Shipping Address 86,Tamale,21.52,True,2023-11-15 23:06:35.014006
87,456,Shipping Address 87,Takoradi,5.81,False,2024-10-16 07:10:36.971949
88,428,Shipping Address 88,Accra,25.02,True,2024-03-20 22:44:08.193164
89,12,Shipping Address 89,Accra,27.08,True,2023-12-04 14:05:16.469538
90,781,Shipping Address 90,Kumasi,12.74,False,2024-10-21 04:21:55.382740
91,784,Shipping Address 91,Kumasi,15.54,True,2024-01-15 06:54:08.956010
92,297,Shipping Address 92,Tamale,21.63,True,2023-07-02 04:50:55.815428
93,877,Shipping Address 93,Accra,18.55,False,2024-10-05 04:30:53.677218
94,747,Shipping Address 94,Takoradi,12.68,False,2024-06-17 19:22:57.586404
95,507,Shipping Address 95,Accra,8.66,False,2023-08-09 21:37:49.455695
96,413,Shipping Address 96,Tamale,6.3,True,2024-08-06 05:07:24.054380
97,488,Shipping Address 97,Takoradi,22.08,True,2023-03-13 08:31:46.022898
98,852,Shipping Address 98,Takoradi,22.3,True,2024-06-29 14:12:11.588882
99,245,Shipping Address 99,Accra,25.28,True,2024-08-23 23:59:26.243392
100,972,Shipping Address 100,Takoradi,9.54,False,2024-10-17 14:15:17.590769
101,722,Shipping Address 101,Tamale,27.08,False,2024-03-02 10:56:05.430807
102,31,Shipping Address 102,Kumasi,25.37,False,2024-07-08 11:05:54.613118
103,486,Shipping Address 103,Accra,17.93,True,2023-07-29 02:08:26.647384
104,18,Shipping Address 104,Kumasi,24.01,False,2024-03-11 13:49:49.853220
105,709,Shipping Address 105,Accra,19.29,False,2024-05-13 15:46:25.879850
106,996,Shipping Address 106,Accra,15.46,False,2024-07-26 18:13:16.179738
107,429,Shipping Address 107,Takoradi,17.38,False,2023-06-14 23:23:43.353726
108,20,Shipping Address 108,Takoradi,11.28,False,2023-11-19 11:53:28.220696
109,458,Shipping Address 109,Tamale,10.5,True,2023-10-19 13:50:31.307439
110,680,Shipping Address 110,Accra,9.93,True,2023-08-06 18:54:27.288709
111,505,Shipping Address 111,Kumasi,27.51,True,2023-06-28 09:19:29.109050
112,901,Shipping Address 112,Kumasi,14.9,True,2023-01-19 04:42:44.442710
113,478,Shipping Address 113,Tamale,22.54,True,2023-06-23 05:37:19.431853
114,955,Shipping Address 114,Takoradi,16.18,True,2024-08-04 16:20:47.722460
115,626,Shipping Address 115,Tamale,27.91,True,2024-07-11 22:12:06.326456
116,678,Shipping Address 116,Tamale,28.97,True,2024-03-15 15:23:04.899769
117,189,Shipping Address 117,Takoradi,17.52,True,2023-04-11 12:07:36.341700
118,955,Shipping Address 118,Accra,13.0,False,2023-03-13 06:03:23.809826
119,761,Shipping Address 119,Kumasi,16.45,True,2024-07-02 23:37:14.589816
120,263,Shipping Address 120,Tamale,17.7,False,2024-01-29 23:54:34.698789
121,722,Shipping Address 121,Takoradi,7.03,True,2023-08-12 01:26:24.267091
122,655,Shipping Address 122,Tamale,6.75,True,2024-04-07 06:06:47.370830
123,213,Shipping Address 123,Tamale,12.1,True,2024-10-24 08:05:09.288454
124,872,Shipping Address 124,Tamale,9.27,False,2023-06-20 23:04:20.241900
125,565,Shipping Address 125,Takoradi,23.95,False,2024-11-12 01:44:51.182770
126,32,Shipping Address 126,Accra,18.42,True,2023-05-09 13:50:43.286022
127,570,Shipping Address 127,Kumasi,24.11,False,2023-01-25 06:41:40.358564
128,49,Shipping Address 128,Takoradi,17.0,True,2024-05-27 09:38:12.510919
129,923,Shipping Address 129,Tamale,20.95,True,2024-07-25 06:25:26.072366
130,880,Shipping Address 130,Takoradi,15.53,True,2023-01-08 15:31:19.970977
131,353,Shipping Address 131,Kumasi,11.3,False,2023-02-22 03:36:58.637338
132,87,Shipping Address 132,Kumasi,24.84,False,2024-08-26 09:40:59.209385
133,927,Shipping Address 133,Tamale,8.65,False,2023-03-13 15:37:11.058941
134,371,Shipping Address 134,Accra,9.63,True,2024-11-10 10:49:01.824585
135,274,Shipping Address 135,Accra,28.14,True,2023-07-05 23:38:06.187722
136,140,Shipping Address 136,Accra,28.53,True,2024-08-16 12:00:18.505062
137,565,Shipping Address 137,Tamale,15.68,False,2023-08-12 11:47:57.208467
138,252,Shipping Address 138,Accra,9.56,True,2024-01-13 13:56:32.606266
139,693,Shipping Address 139,Accra,21.38,False,2023-12-19 07:38:58.871746
140,879,Shipping Address 140,Accra,5.71,False,2024-06-11 02:23:17.209286
141,408,Shipping Address 141,Accra,25.47,False,2024-04-22 23:47:04.017709
142,179,Shipping Address 142,Takoradi,23.92,True,2024-03-27 12:28:03.544649
143,86,Shipping Address 143,Takoradi,22.79,True,2023-07-30 01:41:03.170488
144,427,Shipping Address 144,Tamale,28.89,True,2023-06-04 20:12:19.314374
145,350,Shipping Address 145,Kumasi,21.27,True,2023-08-03 14:21:40.763561
146,429,Shipping Address 146,Takoradi,20.44,False,2023-06-28 12:20:30.702478
147,491,Shipping Address 147,Accra,8.8,False,2024-05-26 19:57:15.675610
148,529,Shipping Address 148,Takoradi,14.97,False,2023-10-24 08:14:33.854165
149,626,Shipping Address 149,Tamale,21.1,False,2024-12-16 20:30:55.308329
150,23,Shipping Address 150,Accra,7.44,False,2023-08-14 12:29:47.645951
151,342,Shipping Address 151,Tamale,15.2,False,2023-12-19 21:48:26.639304
152,809,Shipping Address 152,Kumasi,14.93,False,2024-10-18 14:29:36.237165
153,86,Shipping Address 153,Accra,29.53,True,2023-09-04 14:34:55.036065
154,823,Shipping Address 154,Tamale,21.87,False,2024-10-17 10:12:16.552198
155,425,Shipping Address 155,Accra,10.51,True,2023-03-02 08:18:08.598905
156,813,Shipping Address 156,Takoradi,19.02,True,2023-11-03 01:54:33.791116
157,414,Shipping Address 157,Kumasi,5.14,False,2023-12-02 00:50:08.094519
158,588,Shipping Address 158,Kumasi,21.1,False,2023-07-25 22:45:28.056641
159,468,Shipping Address 159,Takoradi,16.66,True,2023-06-16 14:41:42.339047
160,943,Shipping Address 160,Kumasi,22.07,False,2023-03-06 10:22:41.879327
161,165,Shipping Address 161,Tamale,17.92,False,2023-09-09 02:05:15.604887
162,11,Shipping Address 162,Kumasi,8.3,True,2023-12-06 05:05:07.648589
163,913,Shipping Address 163,Takoradi,7.33,True,2023-04-10 17:49:31.947863
164,802,Shipping Address 164,Takoradi,7.33,False,2024-03-10 08:10:45.868231
165,448,Shipping Address 165,Tamale,11.76,False,2023-10-09 21:03:36.485438
166,590,Shipping Address 166,Accra,19.37,False,2023-10-19 01:10:28.322015
167,957,Shipping Address 167,Takoradi,10.47,True,2023-12-05 23:16:18.635973
168,846,Shipping Address 168,Takoradi,26.55,True,2023-04-08 01:49:51.112511
169,415,Shipping Address 169,Takoradi,21.21,False,2023-10-13 02:13:31.390572
170,95,Shipping Address 170,Takoradi,21.32,False,2023-08-08 19:04:05.568920
171,412,Shipping Address 171,Takoradi,19.64,False,2023-04-28 10:49:39.692801
172,736,Shipping Address 172,Kumasi,25.55,False,2024-03-02 02:48:29.443865
173,403,Shipping Address 173,Takoradi,24.66,False,2023-08-13 12:39:15.295010
174,518,Shipping Address 174,Accra,6.43,False,2024-08-03 07:14:44.172603
175,816,Shipping Address 175,Tamale,5.48,True,2023-03-21 01:25:51.051673
176,23,Shipping Address 176,Accra,16.54,False,2023-06-02 12:37:00.178029
177,874,Shipping Address 177,Kumasi,21.76,True,2023-04-06 13:19:14.896778
178,852,Shipping Address 178,Takoradi,14.03,False,2023-09-01 03:31:41.725629
179,698,Shipping Address 179,Accra,22.74,False,2023-09-10 14:45:04.330876
180,834,Shipping Address 180,Accra,12.84,False,2024-07-03 07:27:27.665990
181,664,Shipping Address 181,Tamale,20.72,False,2024-12-02 14:08:11.687647
182,913,Shipping Address 182,Kumasi,28.88,True,2024-03-24 10:03:54.785046
183,865,Shipping Address 183,Kumasi,13.3,True,2024-08-26 18:26:26.876694
184,896,Shipping Address 184,Accra,25.63,False,2024-08-26 08:53:13.176549
185,511,Shipping Address 185,Takoradi,25.34,True,2023-08-24 17:29:31.607235
186,466,Shipping Address 186,Takoradi,10.7,True,2023-08-11 18:01:51.754162
187,457,Shipping Address 187,Accra,5.88,True,2023-03-30 02:07:14.955109
188,615,Shipping Address 188,Kumasi,20.36,False,2024-03-13 05:29:38.698607
189,280,Shipping Address 189,Kumasi,5.77,True,2023-12-19 18:04:56.352140
190,550,Shipping Address 190,Takoradi,28.09,True,2023-04-09 06:14:02.049796
191,812,Shipping Address 191,Takoradi,13.79,False,2024-04-19 13:06:11.822570
192,527,Shipping Address 192,Tamale,9.0,False,2024-03-12 13:55:23.043680
193,26,Shipping Address 193,Accra,27.13,True,2024-07-07 12:00:18.624995
194,510,Shipping Address 194,Accra,18.68,False,2023-09-20 14:27:29.494986
195,327,Shipping Address 195,Accra,9.04,False,2024-03-04 12:52:47.645812
196,672,Shipping Address 196,Kumasi,15.39,True,2023-02-16 09:04:01.384099
197,947,Shipping Address 197,Kumasi,22.81,False,2023-08-11 11:12:33.915901
198,372,Shipping Address 198,Kumasi,19.46,True,2023-05-21 16:32:11.489355
199,540,Shipping Address 199,Kumasi,12.64,False,2024-11-07 01:53:59.306263
200,217,Shipping Address 200,Tamale,22.04,True,2023-04-01 14:30:04.975419
201,535,Shipping Address 201,Takoradi,29.9,True,2023-11-15 11:33:07.833188
202,795,Shipping Address 202,Kumasi,27.86,True,2024-02-06 12:01:55.810491
203,78,Shipping Address 203,Kumasi,21.88,False,2023-11-26 08:54:02.971427
204,819,Shipping Address 204,Kumasi,15.61,True,2024-08-11 01:26:11.840782
205,134,Shipping Address 205,Kumasi,19.43,False,2024-11-16 03:34:59.736970
206,93,Shipping Address 206,Takoradi,7.1,True,2024-02-23 11:23:18.908620
207,129,Shipping Address 207,Takoradi,21.9,True,2023-10-05 00:44:37.053540
208,387,Shipping Address 208,Takoradi,27.59,False,2024-06-09 02:55:20.589805
209,873,Shipping Address 209,Accra,28.4,True,2023-03-29 02:56:20.867479
210,14,Shipping Address 210,Tamale,27.56,True,2023-12-04 11:05:19.593443
211,428,Shipping Address 211,Accra,7.83,False,2023-11-29 10:48:31.445080
212,957,Shipping Address 212,Kumasi,14.72,True,2023-01-11 04:03:00.034759
213,501,Shipping Address 213,Tamale,22.19,True,2024-11-29 16:20:37.680211
214,943,Shipping Address 214,Tamale,29.7,True,2024-06-06 17:40:46.362857
215,897,Shipping Address 215,Kumasi,29.13,False,2023-05-18 10:16:01.462374
216,540,Shipping Address 216,Takoradi,7.34,False,2024-03-06 08:04:59.325177
217,770,Shipping Address 217,Accra,12.21,True,2023-08-12 20:00:09.533895
218,674,Shipping Address 218,Tamale,6.1,False,2024-03-04 13:49:05.226146
219,416,Shipping Address 219,Takoradi,10.07,True,2023-12-17 00:37:17.598939
220,156,Shipping Address 220,Kumasi,29.67,True,2023-03-16 16:07:42.723474
221,384,Shipping Address 221,Kumasi,25.02,True,2023-01-09 01:23:52.791285
222,17,Shipping Address 222,Takoradi,12.29,True,2024-04-15 21:34:27.420286
223,578,Shipping Address 223,Tamale,9.11,False,2024-08-03 20:42:26.782853
224,201,Shipping Address 224,Kumasi,5.43,False,2023-03-05 06:12:01.536785
225,108,Shipping Address 225,Takoradi,29.63,True,2024-07-12 19:34:20.622803
226,552,Shipping Address 226,Kumasi,13.99,True,2024-11-18 16:21:58.715800
227,622,Shipping Address 227,Takoradi,5.7,False,2024-10-04 03:56:09.267713
228,316,Shipping Address 228,Tamale,23.29,True,2024-09-02 22:07:05.357619
229,661,Shipping Address 229,Tamale,18.42,True,2024-10-07 18:41:19.934203
230,528,Shipping Address 230,Kumasi,6.72,False,2024-09-11 05:06:48.754216
231,928,Shipping Address 231,Kumasi,18.15,True,2024-03-01 18:09:44.661759
232,992,Shipping Address 232,Tamale,25.39,True,2023-05-19 09:52:03.596855
233,474,Shipping Address 233,Takoradi,19.34,True,2024-07-23 06:44:02.883116
234,95,Shipping Address 234,Accra,10.15,True,2023-11-29 17:46:53.484076
235,865,Shipping Address 235,Takoradi,20.25,False,2024-10-09 20:48:09.513617
236,686,Shipping Address 236,Kumasi,10.0,True,2023-07-29 09:22:40.112929
237,186,Shipping Address 237,Takoradi,22.39,False,2024-12-30 03:11:25.011625
238,914,Shipping Address 238,Kumasi,9.41,False,2024-08-09 21:03:12.767687
239,393,Shipping Address 239,Tamale,17.16,False,2024-07-05 13:16:26.254166
240,796,Shipping Address 240,Takoradi,6.12,True,2023-07-23 07:10:07.927582
241,732,Shipping Address 241,Tamale,8.45,False,2023-12-02 12:41:30.362822
242,136,Shipping Address 242,Accra,28.65,True,2023-04-23 14:55:19.707887
243,924,Shipping Address 243,Takoradi,27.15,True,2023-12-11 14:00:09.307207
244,333,Shipping Address 244,Takoradi,19.27,True,2024-06-02 22:02:07.478549
245,343,Shipping Address 245,Kumasi,10.01,True,2024-01-29 06:26:32.977616
246,246,Shipping Address 246,Takoradi,19.87,False,2024-06-10 21:56:50.186435
247,237,Shipping Address 247,Kumasi,26.63,False,2024-03-18 02:36:18.784157
248,396,Shipping Address 248,Accra,28.63,True,2023-12-10 15:45:18.704611
249,693,Shipping Address 249,Tamale,29.95,False,2023-05-23 13:38:30.466329
250,258,Shipping Address 250,Tamale,11.41,False,2024-08-26 00:24:11.928710
251,733,Shipping Address 251,Kumasi,18.5,True,2024-03-19 02:24:50.467140
252,112,Shipping Address 252,Accra,13.72,False,2024-03-25 01:52:12.218724
253,941,Shipping Address 253,Tamale,21.06,False,2023-07-23 21:27:29.706743
254,806,Shipping Address 254,Tamale,9.79,False,2024-03-07 12:45:47.424664
255,269,Shipping Address 255,Tamale,15.79,True,2023-09-03 02:02:58.295838
256,527,Shipping Address 256,Tamale,22.59,True,2024-01-21 21:58:16.992515
257,684,Shipping Address 257,Tamale,24.88,True,2023-03-23 19:16:17.860886
258,681,Shipping Address 258,Accra,12.13,False,2023-08-21 03:33:20.153348
259,252,Shipping Address 259,Tamale,12.5,False,2023-05-29 10:50:21.219298
260,77,Shipping Address 260,Tamale,21.72,True,2023-03-11 14:58:07.491499
261,531,Shipping Address 261,Takoradi,9.87,False,2024-04-23 21:57:47.500507
262,679,Shipping Address 262,Takoradi,18.8,True,2024-02-16 04:08:41.075553
263,9,Shipping Address 263,Kumasi,6.24,True,2024-11-16 00:17:21.999619
264,424,Shipping Address 264,Tamale,10.62,True,2023-07-07 11:41:21.469680
265,583,Shipping Address 265,Kumasi,20.96,False,2023-02-07 14:26:41.363606
266,210,Shipping Address 266,Accra,23.99,False,2023-07-02 14:49:18.300265
267,37,Shipping Address 267,Kumasi,18.45,True,2023-03-21 12:24:14.205759
268,969,Shipping Address 268,Tamale,9.73,True,2024-07-23 00:04:56.763719
269,167,Shipping Address 269,Accra,19.86,True,2024-01-23 06:10:38.616588
270,334,Shipping Address 270,Kumasi,26.11,True,2024-02-15 00:39:38.496609
271,632,Shipping Address 271,Takoradi,22.82,True,2024-05-07 16:18:07.290352
272,662,Shipping Address 272,Takoradi,5.71,False,2024-01-06 17:36:16.197163
273,182,Shipping Address 273,Kumasi,9.17,True,2023-10-03 00:16:12.175215
274,113,Shipping Address 274,Kumasi,25.7,False,2024-08-08 19:40:35.250411
275,588,Shipping Address 275,Accra,12.94,True,2023-12-11 10:50:58.499323
276,244,Shipping Address 276,Tamale,9.16,False,2023-04-29 02:21:59.925285
277,997,Shipping Address 277,Tamale,16.4,False,2023-05-12 13:02:52.595734
278,915,Shipping Address 278,Tamale,21.14,False,2023-05-20 07:18:33.132355
279,153,Shipping Address 279,Tamale,26.65,False,2024-10-31 05:35:24.166652
280,516,Shipping Address 280,Accra,27.14,True,2024-10-23 20:22:53.828796
281,526,Shipping Address 281,Takoradi,26.58,True,2023-03-07 18:25:28.271657
282,963,Shipping Address 282,Accra,26.45,False,2024-08-01 09:52:18.964626
283,493,Shipping Address 283,Takoradi,28.44,True,2023-05-02 04:05:43.861221
284,697,Shipping Address 284,Takoradi,9.62,True,2024-03-14 13:00:44.094448
285,558,Shipping Address 285,Accra,20.1,True,2024-06-18 14:56:11.912023
286,693,Shipping Address 286,Tamale,6.23,False,2023-06-02 19:46:27.820647
287,13,Shipping Address 287,Tamale,17.8,False,2024-02-25 00:26:57.056160
288,272,Shipping Address 288,Kumasi,17.12,False,2023-09-20 08:41:08.373306
289,260,Shipping Address 289,Kumasi,21.2,False,2023-07-30 07:37:19.315814
290,119,Shipping Address 290,Kumasi,28.51,False,2023-10-02 10:35:50.477983
291,567,Shipping Address 291,Accra,20.23,True,2023-03-21 11:53:25.638873
292,343,Shipping Address 292,Kumasi,5.82,False,2023-03-17 01:02:40.917513
293,380,Shipping Address 293,Tamale,5.6,False,2024-09-30 12:46:08.117076
294,877,Shipping Address 294,Takoradi,12.3,True,2023-05-02 07:32:46.258311
295,662,Shipping Address 295,Takoradi,19.35,True,2023-02-07 02:34:07.022136
296,352,Shipping Address 296,Tamale,26.03,False,2023-02-17 08:25:31.740846
297,916,Shipping Address 297,Accra,25.76,True,2023-07-28 06:09:10.976990
298,895,Shipping Address 298,Takoradi,24.11,True,2023-02-15 17:30:58.552230
299,628,Shipping Address 299,Kumasi,19.36,True,2023-02-28 22:07:39.926388
300,180,Shipping Address 300,Tamale,12.1,True,2024-02-29 16:28:47.191273
301,623,Shipping Address 301,Takoradi,21.71,True,2024-06-15 08:56:56.483192
302,641,Shipping Address 302,Accra,15.42,True,2024-07-23 20:47:07.258589
303,675,Shipping Address 303,Kumasi,16.74,True,2024-05-10 23:47:19.896515
304,534,Shipping Address 304,Accra,20.52,True,2023-05-01 08:32:54.787222
305,553,Shipping Address 305,Tamale,20.46,True,2024-10-31 16:10:34.476732
306,983,Shipping Address 306,Tamale,11.04,False,2024-01-11 21:16:18.091679
307,374,Shipping Address 307,Accra,18.97,True,2024-08-15 03:48:10.930710
308,135,Shipping Address 308,Tamale,15.64,False,2023-08-23 05:53:19.200087
309,210,Shipping Address 309,Takoradi,10.83,True,2024-04-17 22:41:31.374511
310,900,Shipping Address 310,Accra,25.2,True,2023-09-17 14:43:33.252746
311,622,Shipping Address 311,Kumasi,25.69,False,2023-07-10 17:07:10.356136
312,419,Shipping Address 312,Accra,19.22,True,2024-05-09 22:45:23.320161
313,550,Shipping Address 313,Kumasi,16.22,True,2024-03-25 01:10:54.148965
314,39,Shipping Address 314,Accra,14.52,True,2024-12-07 00:26:18.964711
315,780,Shipping Address 315,Accra,28.39,False,2023-08-17 12:06:52.264278
316,444,Shipping Address 316,Kumasi,12.66,True,2023-07-25 16:25:16.323554
317,163,Shipping Address 317,Accra,12.65,True,2023-02-20 21:53:11.650920
318,115,Shipping Address 318,Kumasi,17.88,False,2024-02-03 11:13:58.248548
319,180,Shipping Address 319,Takoradi,28.64,True,2024-06-22 00:08:02.106815
320,316,Shipping Address 320,Kumasi,23.23,False,2023-02-02 03:12:48.591651
321,925,Shipping Address 321,Tamale,19.78,False,2023-11-30 17:25:48.601885
322,984,Shipping Address 322,Takoradi,6.84,True,2024-10-29 17:58:39.839479
323,327,Shipping Address 323,Tamale,21.18,True,2023-08-28 04:04:25.003725
324,999,Shipping Address 324,Tamale,16.12,False,2023-11-04 10:10:41.022255
325,773,Shipping Address 325,Takoradi,9.59,True,2024-11-24 17:30:02.706420
326,709,Shipping Address 326,Takoradi,27.13,True,2023-10-06 01:34:28.016193
327,868,Shipping Address 327,Kumasi,29.79,False,2024-08-08 15:58:04.587463
328,664,Shipping Address 328,Takoradi,26.09,False,2024-10-07 01:08:37.088065
329,305,Shipping Address 329,Accra,12.32,True,2023-01-07 14:31:39.753660
330,48,Shipping Address 330,Kumasi,29.59,False,2024-03-22 00:42:17.848481
331,889,Shipping Address 331,Takoradi,27.63,False,2023-11-19 18:06:27.307385
332,700,Shipping Address 332,Accra,15.7,False,2023-06-08 20:40:43.465849
333,367,Shipping Address 333,Accra,18.66,False,2024-07-15 06:26:31.298441
334,30,Shipping Address 334,Takoradi,10.52,False,2023-03-31 11:45:17.361325
335,55,Shipping Address 335,Kumasi,15.81,True,2024-03-22 06:22:13.574102
336,663,Shipping Address 336,Kumasi,24.29,True,2024-12-28 15:36:34.766741
337,491,Shipping Address 337,Takoradi,20.44,True,2024-02-20 00:30:05.686688
338,427,Shipping Address 338,Kumasi,29.13,False,2023-05-25 00:50:12.583869
339,348,Shipping Address 339,Tamale,21.3,False,2023-04-02 13:16:52.878912
340,829,Shipping Address 340,Accra,11.74,True,2023-07-31 05:49:42.903478
341,531,Shipping Address 341,Takoradi,27.97,False,2023-04-30 19:21:26.843562
342,661,Shipping Address 342,Kumasi,26.02,True,2024-11-06 05:35:14.874714
343,996,Shipping Address 343,Accra,15.16,True,2024-03-15 22:17:49.179612
344,756,Shipping Address 344,Takoradi,20.27,True,2023-12-22 10:10:01.423531
345,428,Shipping Address 345,Takoradi,22.28,False,2024-01-13 14:58:39.851756
346,909,Shipping Address 346,Kumasi,8.03,True,2023-01-10 13:50:57.477151
347,363,Shipping Address 347,Kumasi,20.12,True,2024-03-10 08:32:34.739366
348,175,Shipping Address 348,Tamale,28.79,True,2023-08-05 09:33:33.367463
349,830,Shipping Address 349,Kumasi,6.74,True,2024-02-29 04:24:38.077928
350,65,Shipping Address 350,Tamale,24.67,True,2024-10-08 01:40:32.338330
351,174,Shipping Address 351,Kumasi,17.28,True,2023-09-20 09:53:23.428110
352,434,Shipping Address 352,Accra,17.01,True,2023-12-07 08:19:24.420793
353,377,Shipping Address 353,Takoradi,13.1,True,2023-01-10 10:14:13.763493
354,870,Shipping Address 354,Takoradi,29.48,False,2024-03-10 15:54:50.693576
355,276,Shipping Address 355,Accra,18.22,True,2023-02-18 20:05:05.336387
356,614,Shipping Address 356,Tamale,28.86,False,2023-06-03 20:28:22.009385
357,680,Shipping Address 357,Tamale,25.6,False,2024-11-11 17:21:59.771222
358,929,Shipping Address 358,Accra,11.74,False,2024-04-01 14:39:04.259590
359,346,Shipping Address 359,Tamale,22.94,False,2024-12-14 20:37:31.051175
360,645,Shipping Address 360,Takoradi,7.06,True,2024-07-07 06:03:36.377624
361,896,Shipping Address 361,Kumasi,7.33,True,2024-01-29 00:56:17.641636
362,644,Shipping Address 362,Takoradi,9.69,False,2024-07-14 20:32:06.149663
363,610,Shipping Address 363,Tamale,11.45,False,2024-07-12 00:10:00.806723
364,678,Shipping Address 364,Takoradi,26.57,True,2024-08-10 08:01:10.194240
365,121,Shipping Address 365,Tamale,7.03,True,2024-12-28 14:09:38.035836
366,119,Shipping Address 366,Accra,12.27,False,2024-12-10 17:08:47.391263
367,212,Shipping Address 367,Accra,18.2,True,2023-07-28 16:03:03.955572
368,855,Shipping Address 368,Tamale,20.77,False,2024-02-29 20:58:08.084118
369,749,Shipping Address 369,Tamale,15.93,False,2024-05-27 18:52:52.511233
370,181,Shipping Address 370,Tamale,27.12,False,2024-01-22 21:37:29.404075
371,750,Shipping Address 371,Kumasi,26.26,False,2024-04-12 14:54:22.570890
372,619,Shipping Address 372,Takoradi,21.24,False,2024-04-17 09:06:32.225754
373,466,Shipping Address 373,Takoradi,11.87,True,2023-12-27 00:53:29.540827
374,776,Shipping Address 374,Takoradi,11.52,True,2024-06-11 20:46:52.142616
375,401,Shipping Address 375,Takoradi,12.3,True,2024-03-04 03:07:02.673555
376,574,Shipping Address 376,Kumasi,26.19,False,2023-08-06 19:52:08.988881
377,376,Shipping Address 377,Kumasi,21.74,True,2024-11-25 05:30:42.365246
378,787,Shipping Address 378,Takoradi,12.01,True,2023-02-02 10:20:18.866778
379,790,Shipping Address 379,Takoradi,5.35,True,2023-02-14 22:30:53.220162
380,384,Shipping Address 380,Kumasi,18.27,False,2024-12-31 08:39:42.668355
381,38,Shipping Address 381,Kumasi,17.75,True,2023-06-29 06:30:27.048338
382,925,Shipping Address 382,Kumasi,9.07,False,2024-04-14 19:27:51.768420
383,587,Shipping Address 383,Kumasi,26.49,False,2024-03-29 09:22:17.094211
384,470,Shipping Address 384,Takoradi,16.76,True,2023-10-10 09:19:59.731021
385,870,Shipping Address 385,Takoradi,7.28,False,2024-12-21 10:50:51.633090
386,324,Shipping Address 386,Tamale,23.97,True,2023-08-31 05:16:21.965726
387,663,Shipping Address 387,Takoradi,24.88,True,2023-08-10 01:56:03.487972
388,453,Shipping Address 388,Kumasi,14.72,True,2023-07-13 09:14:57.498345
389,901,Shipping Address 389,Accra,26.39,True,2023-12-23 00:16:46.269250
390,478,Shipping Address 390,Accra,12.57,False,2024-10-05 17:53:00.308712
391,659,Shipping Address 391,Tamale,25.53,False,2024-05-14 22:00:55.194212
392,77,Shipping Address 392,Accra,9.04,False,2024-04-29 13:52:12.474419
393,363,Shipping Address 393,Tamale,20.53,False,2024-06-07 16:29:15.707158
394,399,Shipping Address 394,Kumasi,14.09,False,2023-10-29 19:26:33.598720
395,391,Shipping Address 395,Accra,29.73,False,2024-09-04 14:26:46.369134
396,774,Shipping Address 396,Takoradi,18.7,False,2023-08-26 02:55:41.676910
397,325,Shipping Address 397,Kumasi,17.59,False,2024-01-04 10:36:21.042350
398,486,Shipping Address 398,Accra,8.9,True,2024-03-21 17:13:26.882919
399,676,Shipping Address 399,Kumasi,28.08,True,2024-02-11 14:01:14.057801
400,336,Shipping Address 400,Kumasi,5.81,False,2024-01-11 15:38:46.846897
401,279,Shipping Address 401,Accra,29.07,False,2023-08-20 14:09:53.411178
402,957,Shipping Address 402,Accra,9.8,True,2024-01-09 00:17:09.388801
403,694,Shipping Address 403,Tamale,20.55,False,2023-07-07 17:46:49.436935
404,680,Shipping Address 404,Takoradi,27.58,False,2023-10-14 18:59:50.241309
405,24,Shipping Address 405,Kumasi,9.19,True,2024-05-26 13:29:24.228891
406,215,Shipping Address 406,Takoradi,21.86,True,2023-08-12 07:47:48.246981
407,915,Shipping Address 407,Kumasi,9.9,True,2023-08-03 18:03:16.352790
408,647,Shipping Address 408,Kumasi,16.46,True,2024-04-23 11:03:16.547114
409,276,Shipping Address 409,Accra,24.19,False,2024-03-23 07:04:15.431937
410,253,Shipping Address 410,Tamale,7.74,True,2024-10-11 16:08:01.129178
411,341,Shipping Address 411,Takoradi,20.25,True,2024-07-16 15:36:09.876311
412,702,Shipping Address 412,Tamale,8.81,True,2023-08-31 01:43:51.092650
413,623,Shipping Address 413,Tamale,10.17,True,2024-03-14 23:05:31.904625
414,490,Shipping Address 414,Accra,15.84,True,2024-07-20 21:32:21.344055
415,11,Shipping Address 415,Tamale,6.5,True,2024-06-19 16:58:29.300537
416,168,Shipping Address 416,Accra,8.66,True,2024-05-31 01:52:34.529789
417,684,Shipping Address 417,Takoradi,15.09,True,2023-01-01 07:21:32.732560
418,816,Shipping Address 418,Kumasi,22.16,False,2023-12-15 19:08:41.696311
419,391,Shipping Address 419,Takoradi,21.96,True,2024-05-10 23:00:20.814409
420,889,Shipping Address 420,Tamale,9.48,True,2024-02-23 03:00:14.075752
421,822,Shipping Address 421,Tamale,28.1,False,2024-11-21 20:46:00.080950
422,447,Shipping Address 422,Tamale,14.25,False,2024-01-25 22:05:21.625619
423,691,Shipping Address 423,Kumasi,17.48,False,2023-11-25 11:34:45.933002
424,337,Shipping Address 424,Tamale,8.76,True,2024-12-03 14:36:04.561277
425,822,Shipping Address 425,Takoradi,14.43,True,2024-11-27 20:44:37.112627
426,570,Shipping Address 426,Takoradi,20.78,True,2023-12-19 23:05:23.974846
427,900,Shipping Address 427,Tamale,26.62,True,2024-05-31 13:22:12.059096
428,608,Shipping Address 428,Accra,7.08,False,2023-05-30 01:59:10.940254
429,472,Shipping Address 429,Kumasi,29.37,False,2023-01-13 07:20:13.592282
430,307,Shipping Address 430,Accra,29.78,False,2024-09-03 17:53:57.773822
431,93,Shipping Address 431,Tamale,5.31,True,2023-10-12 10:55:01.036579
432,697,Shipping Address 432,Tamale,29.76,False,2023-03-24 15:19:28.369097
433,210,Shipping Address 433,Tamale,13.68,True,2023-11-06 01:53:54.888452
434,459,Shipping Address 434,Takoradi,9.59,False,2024-10-25 10:04:48.059233
435,542,Shipping Address 435,Kumasi,15.4,True,2023-12-29 08:30:23.101262
436,969,Shipping Address 436,Accra,11.7,False,2024-01-29 17:51:23.462948
437,691,Shipping Address 437,Takoradi,18.44,False,2023-11-14 09:06:43.739987
438,391,Shipping Address 438,Kumasi,18.06,False,2024-10-19 04:20:29.776985
439,467,Shipping Address 439,Takoradi,25.41,False,2023-06-04 18:21:44.689954
440,555,Shipping Address 440,Tamale,16.02,False,2023-09-16 21:56:12.934363
441,856,Shipping Address 441,Takoradi,16.42,True,2024-02-05 15:16:46.986308
442,831,Shipping Address 442,Kumasi,15.44,False,2024-03-01 04:17:13.417195
443,782,Shipping Address 443,Tamale,15.51,False,2024-03-10 00:05:06.796103
444,579,Shipping Address 444,Accra,22.57,True,2024-04-18 19:54:28.862897
445,471,Shipping Address 445,Kumasi,21.15,False,2023-12-17 02:22:30.775709
446,404,Shipping Address 446,Takoradi,29.12,False,2023-12-23 13:27:45.834323
447,138,Shipping Address 447,Tamale,14.37,False,2024-12-27 01:29:20.548232
448,12,Shipping Address 448,Kumasi,19.43,False,2023-06-10 15:09:24.925579
449,231,Shipping Address 449,Takoradi,5.96,False,2023-11-05 06:58:39.486978
450,989,Shipping Address 450,Accra,9.12,False,2023-03-23 22:02:49.697885
451,205,Shipping Address 451,Accra,14.89,False,2023-03-15 07:55:54.024984
452,494,Shipping Address 452,Tamale,27.55,False,2024-05-21 13:32:08.109363
453,865,Shipping Address 453,Accra,26.33,False,2023-08-03 05:40:35.340824
454,797,Shipping Address 454,Kumasi,11.03,False,2024-01-16 22:10:19.469754
455,760,Shipping Address 455,Accra,9.82,False,2023-09-07 06:06:35.856055
456,829,Shipping Address 456,Takoradi,11.96,True,2024-12-24 13:16:16.757694
457,800,Shipping Address 457,Accra,18.51,True,2024-02-04 05:47:00.910822
458,444,Shipping Address 458,Accra,5.74,True,2023-11-01 01:59:19.057820
459,277,Shipping Address 459,Tamale,16.43,True,2024-11-04 00:46:32.654071
460,912,Shipping Address 460,Accra,12.4,True,2024-06-20 23:06:16.314452
461,159,Shipping Address 461,Kumasi,18.27,True,2023-03-05 02:23:10.800919
462,92,Shipping Address 462,Accra,19.97,True,2024-08-29 04:42:18.478559
463,966,Shipping Address 463,Takoradi,26.32,True,2023-07-08 18:24:11.442288
464,506,Shipping Address 464,Accra,14.54,False,2024-07-10 14:48:12.837799
465,445,Shipping Address 465,Takoradi,16.75,False,2023-01-19 17:15:13.111918
466,836,Shipping Address 466,Kumasi,21.53,False,2024-02-20 21:43:14.174323
467,640,Shipping Address 467,Accra,17.92,True,2023-12-17 20:17:50.634861
468,917,Shipping Address 468,Tamale,9.68,True,2024-07-28 03:46:01.221051
469,314,Shipping Address 469,Takoradi,16.45,True,2023-06-01 15:30:04.734658
470,932,Shipping Address 470,Accra,26.51,False,2023-05-29 03:29:18.338201
471,494,Shipping Address 471,Tamale,13.44,True,2023-06-24 10:17:57.902521
472,763,Shipping Address 472,Accra,17.84,False,2024-04-09 02:36:04.562949
473,902,Shipping Address 473,Tamale,18.56,True,2023-05-13 00:41:52.972332
474,522,Shipping Address 474,Accra,18.78,True,2023-11-11 21:19:24.422198
475,466,Shipping Address 475,Kumasi,17.57,True,2024-01-03 17:13:33.727458
476,85,Shipping Address 476,Tamale,9.8,True,2024-04-06 07:23:14.069593
477,573,Shipping Address 477,Takoradi,5.47,True,2023-06-08 17:14:59.030533
478,450,Shipping Address 478,Accra,8.38,True,2024-02-18 22:59:16.574412
479,977,Shipping Address 479,Accra,20.96,False,2024-09-23 15:06:04.394329
480,913,Shipping Address 480,Takoradi,16.05,True,2023-03-17 21:03:42.621138
481,890,Shipping Address 481,Takoradi,22.59,False,2024-12-12 08:10:13.067671
482,560,Shipping Address 482,Accra,24.62,True,2024-04-10 07:53:32.300407
483,182,Shipping Address 483,Takoradi,9.72,True,2023-09-20 09:47:15.750456
484,579,Shipping Address 484,Accra,20.02,False,2024-08-02 23:09:21.338486
485,222,Shipping Address 485,Takoradi,11.9,False,2024-05-27 03:38:11.497199
486,719,Shipping Address 486,Takoradi,25.0,True,2024-05-16 14:14:44.101277
487,588,Shipping Address 487,Accra,10.52,True,2023-12-17 15:57:30.613153
488,78,Shipping Address 488,Accra,20.88,False,2023-02-10 21:21:12.372062
489,679,Shipping Address 489,Accra,10.78,True,2024-02-26 12:13:10.702312
490,6,Shipping Address 490,Kumasi,20.23,True,2023-11-07 19:41:02.709507
491,783,Shipping Address 491,Kumasi,26.96,True,2024-08-23 12:28:33.359042
492,523,Shipping Address 492,Tamale,9.77,True,2024-08-10 21:36:37.146646
493,759,Shipping Address 493,Kumasi,23.64,False,2023-01-23 22:30:57.573062
494,509,Shipping Address 494,Takoradi,29.66,True,2023-11-29 17:10:19.646575
495,829,Shipping Address 495,Takoradi,12.47,False,2024-03-26 03:13:25.286638
496,887,Shipping Address 496,Takoradi,8.29,False,2023-06-28 04:39:58.269672
497,130,Shipping Address 497,Kumasi,12.48,False,2023-10-17 04:50:20.365452
498,660,Shipping Address 498,Kumasi,9.95,False,2024-07-07 22:30:48.879067
499,753,Shipping Address 499,Tamale,18.83,False,2023-12-31 07:09:59.050996
500,569,Shipping Address 500,Accra,29.25,False,2024-08-25 07:56:41.220236
501,552,Shipping Address 501,Tamale,17.97,False,2023-09-02 10:39:45.386180
502,205,Shipping Address 502,Takoradi,5.46,False,2023-12-27 19:17:23.779859
503,190,Shipping Address 503,Accra,23.19,True,2024-05-15 20:32:10.645478
504,834,Shipping Address 504,Tamale,16.33,False,2023-04-02 01:15:17.433790
505,623,Shipping Address 505,Tamale,16.05,True,2024-04-04 23:27:22.448518
506,456,Shipping Address 506,Tamale,28.82,False,2023-08-28 12:02:06.437985
507,741,Shipping Address 507,Tamale,25.61,True,2024-04-17 09:23:00.445812
508,241,Shipping Address 508,Tamale,17.84,False,2024-09-08 02:51:53.854822
509,903,Shipping Address 509,Tamale,14.46,False,2024-09-05 05:39:34.046959
510,498,Shipping Address 510,Tamale,15.69,False,2024-02-20 09:49:28.451319
511,563,Shipping Address 511,Tamale,24.01,True,2024-04-19 01:01:05.225362
512,114,Shipping Address 512,Tamale,7.0,False,2023-06-19 14:44:23.101903
513,503,Shipping Address 513,Kumasi,10.02,True,2024-03-26 15:24:43.418101
514,672,Shipping Address 514,Kumasi,21.66,True,2024-12-01 08:27:00.728496
515,915,Shipping Address 515,Tamale,12.53,True,2023-12-20 08:55:07.776649
516,335,Shipping Address 516,Accra,22.87,False,2024-12-21 21:55:41.789605
517,917,Shipping Address 517,Kumasi,9.5,True,2023-09-30 04:39:19.995771
518,720,Shipping Address 518,Accra,13.87,False,2024-03-23 09:18:41.298318
519,516,Shipping Address 519,Takoradi,14.52,False,2023-02-16 13:34:30.665153
520,925,Shipping Address 520,Kumasi,11.87,False,2024-05-21 12:32:56.437941
521,922,Shipping Address 521,Tamale,7.62,True,2023-09-21 03:10:53.962367
522,204,Shipping Address 522,Accra,5.1,True,2024-02-23 06:23:01.233259
523,511,Shipping Address 523,Accra,19.12,True,2023-04-09 09:34:17.347679
524,285,Shipping Address 524,Kumasi,13.96,True,2023-03-07 08:04:55.165212
525,572,Shipping Address 525,Kumasi,10.65,True,2023-12-31 06:25:10.206446
526,794,Shipping Address 526,Accra,6.76,True,2024-07-11 17:48:36.942395
527,346,Shipping Address 527,Accra,27.3,True,2024-01-26 09:12:51.747403
528,582,Shipping Address 528,Tamale,17.36,True,2023-09-30 15:37:32.779178
529,395,Shipping Address 529,Accra,5.32,False,2024-04-02 21:44:49.488320
530,941,Shipping Address 530,Kumasi,21.1,True,2023-07-08 17:31:16.734286
531,516,Shipping Address 531,Accra,23.68,True,2023-06-07 11:40:22.456591
532,752,Shipping Address 532,Accra,12.97,False,2023-09-15 22:18:06.130046
533,853,Shipping Address 533,Takoradi,29.39,True,2023-10-31 13:26:02.108497
534,226,Shipping Address 534,Kumasi,13.71,True,2024-11-25 16:57:20.865166
535,643,Shipping Address 535,Takoradi,13.04,True,2023-01-23 14:07:34.552220
536,185,Shipping Address 536,Takoradi,18.72,True,2023-10-23 23:33:34.266927
537,265,Shipping Address 537,Kumasi,15.02,False,2024-02-28 21:22:30.995689
538,365,Shipping Address 538,Accra,16.85,True,2023-06-13 02:35:29.287520
539,997,Shipping Address 539,Kumasi,6.92,False,2023-01-05 01:36:29.810801
540,488,Shipping Address 540,Accra,11.34,False,2024-05-12 02:46:12.386136
541,956,Shipping Address 541,Kumasi,29.15,True,2024-04-17 02:02:29.284822
542,624,Shipping Address 542,Kumasi,11.39,False,2024-06-20 02:59:16.968430
543,98,Shipping Address 543,Tamale,19.55,True,2023-10-28 17:29:07.019311
544,617,Shipping Address 544,Takoradi,5.28,True,2024-10-31 18:22:29.377335
545,541,Shipping Address 545,Takoradi,12.19,True,2023-05-14 22:24:29.339513
546,646,Shipping Address 546,Accra,14.39,False,2024-11-07 06:00:33.055961
547,857,Shipping Address 547,Accra,12.21,False,2024-02-17 02:32:34.301999
548,333,Shipping Address 548,Takoradi,11.46,False,2024-06-27 10:45:09.141036
549,844,Shipping Address 549,Accra,22.25,False,2024-10-06 13:53:14.563738
550,777,Shipping Address 550,Accra,16.38,True,2023-08-19 02:19:37.919819
551,584,Shipping Address 551,Kumasi,29.59,False,2024-03-07 22:17:41.097646
552,61,Shipping Address 552,Kumasi,13.21,False,2023-11-20 12:21:44.708465
553,420,Shipping Address 553,Takoradi,13.33,False,2024-11-22 14:05:16.893550
554,501,Shipping Address 554,Accra,23.8,True,2023-02-26 19:28:27.925333
555,951,Shipping Address 555,Takoradi,27.36,False,2023-01-07 10:07:00.093776
556,312,Shipping Address 556,Accra,8.05,False,2023-09-03 07:53:24.971067
557,984,Shipping Address 557,Takoradi,10.54,False,2023-01-29 05:03:58.563021
558,848,Shipping Address 558,Tamale,13.29,False,2024-01-26 10:51:26.228235
559,509,Shipping Address 559,Accra,13.34,False,2023-01-04 05:19:19.963826
560,229,Shipping Address 560,Takoradi,6.31,True,2024-09-07 22:31:41.384961
561,366,Shipping Address 561,Takoradi,7.88,True,2024-11-16 17:21:04.791531
562,636,Shipping Address 562,Tamale,25.0,True,2024-11-14 21:47:16.464932
563,104,Shipping Address 563,Kumasi,29.66,True,2024-08-14 15:27:34.710636
564,266,Shipping Address 564,Accra,19.25,False,2023-09-05 04:30:51.166218
565,577,Shipping Address 565,Accra,14.56,True,2024-09-19 03:31:28.663412
566,98,Shipping Address 566,Kumasi,19.76,True,2023-03-03 19:51:28.959598
567,856,Shipping Address 567,Kumasi,13.41,True,2023-11-13 05:43:18.960798
568,125,Shipping Address 568,Takoradi,14.42,True,2024-08-09 21:44:26.919998
569,355,Shipping Address 569,Kumasi,18.41,False,2024-10-19 22:19:44.651829
570,488,Shipping Address 570,Accra,15.6,False,2024-09-16 06:06:54.147618
571,34,Shipping Address 571,Kumasi,20.63,True,2023-06-25 19:30:21.823362
572,415,Shipping Address 572,Kumasi,19.43,False,2024-12-05 09:23:56.550498
573,75,Shipping Address 573,Takoradi,16.18,True,2023-03-29 12:40:21.624657
574,259,Shipping Address 574,Accra,19.28,False,2023-11-26 14:05:32.623961
575,646,Shipping Address 575,Tamale,28.72,False,2024-07-25 12:47:15.024879
576,787,Shipping Address 576,Tamale,10.6,True,2023-07-06 06:42:28.991645
577,721,Shipping Address 577,Takoradi,6.55,True,2024-10-04 09:25:36.742828
578,45,Shipping Address 578,Tamale,25.6,True,2024-05-30 06:07:16.136743
579,221,Shipping Address 579,Takoradi,8.2,True,2024-05-17 05:19:40.426204
580,609,Shipping Address 580,Accra,24.75,True,2023-08-12 02:49:33.207565
581,3,Shipping Address 581,Accra,23.58,False,2023-12-15 18:29:09.331682
582,1,Shipping Address 582,Kumasi,23.86,False,2023-05-18 12:42:04.340782
583,243,Shipping Address 583,Kumasi,28.4,True,2023-11-02 06:50:31.319714
584,774,Shipping Address 584,Accra,26.73,True,2024-02-03 22:35:04.323673
585,334,Shipping Address 585,Tamale,14.8,True,2023-03-17 11:12:22.221120
586,554,Shipping Address 586,Kumasi,11.71,False,2024-05-07 15:49:38.547267
587,260,Shipping Address 587,Kumasi,6.22,False,2023-08-01 23:36:24.361189
588,576,Shipping Address 588,Accra,7.74,True,2023-07-03 09:08:14.838353
589,349,Shipping Address 589,Kumasi,8.21,False,2024-06-13 10:16:15.884185
590,251,Shipping Address 590,Accra,10.75,False,2024-06-14 03:54:12.414921
591,581,Shipping Address 591,Takoradi,18.05,True,2023-01-02 15:04:31.430719
592,410,Shipping Address 592,Tamale,27.37,True,2024-09-09 14:39:36.919063
593,29,Shipping Address 593,Accra,9.02,False,2023-07-16 08:43:10.819599
594,248,Shipping Address 594,Kumasi,17.94,False,2024-12-12 12:11:52.214360
595,5,Shipping Address 595,Takoradi,11.27,False,2023-08-25 18:13:58.679905
596,124,Shipping Address 596,Accra,22.58,False,2023-07-03 00:14:21.822734
597,171,Shipping Address 597,Takoradi,5.86,True,2024-08-06 20:04:38.439142
598,647,Shipping Address 598,Tamale,10.01,True,2024-02-10 17:18:46.786859
599,818,Shipping Address 599,Tamale,27.48,False,2023-06-06 20:28:05.803742
600,561,Shipping Address 600,Takoradi,13.88,True,2024-03-12 14:25:16.657995
601,841,Shipping Address 601,Takoradi,7.62,False,2023-08-21 10:11:54.112397
602,974,Shipping Address 602,Tamale,8.55,False,2024-10-07 20:46:23.444196
603,910,Shipping Address 603,Tamale,24.55,True,2024-09-29 03:16:11.453051
604,933,Shipping Address 604,Kumasi,7.01,True,2024-07-16 04:36:33.881266
605,862,Shipping Address 605,Takoradi,29.78,True,2023-05-29 00:34:57.445457
606,51,Shipping Address 606,Tamale,17.5,False,2023-07-08 15:48:29.249458
607,726,Shipping Address 607,Tamale,20.03,True,2023-07-25 03:52:42.569209
608,927,Shipping Address 608,Kumasi,11.73,False,2024-10-18 00:52:09.155703
609,83,Shipping Address 609,Tamale,14.57,True,2023-05-03 19:40:34.996878
610,763,Shipping Address 610,Accra,11.1,False,2024-10-04 23:32:48.536407
611,472,Shipping Address 611,Kumasi,12.39,True,2024-11-25 15:52:40.111336
612,477,Shipping Address 612,Tamale,24.84,False,2023-11-30 15:31:56.373540
613,275,Shipping Address 613,Kumasi,15.99,True,2024-11-11 03:01:36.518306
614,282,Shipping Address 614,Tamale,18.55,True,2023-10-07 15:33:33.250747
615,9,Shipping Address 615,Accra,26.37,False,2023-01-16 15:03:36.523003
616,334,Shipping Address 616,Takoradi,10.97,False,2023-08-07 20:43:08.762805
617,158,Shipping Address 617,Takoradi,17.85,True,2023-11-09 23:24:05.873101
618,112,Shipping Address 618,Kumasi,17.42,False,2024-07-22 19:07:28.469703
619,172,Shipping Address 619,Tamale,16.61,False,2024-09-12 09:32:37.199651
620,790,Shipping Address 620,Accra,9.44,False,2023-12-14 07:57:31.039604
621,383,Shipping Address 621,Tamale,29.13,True,2023-10-11 22:30:15.036496
622,372,Shipping Address 622,Accra,15.12,True,2024-05-15 11:32:58.439324
623,333,Shipping Address 623,Accra,8.33,True,2024-09-30 18:42:29.080599
624,81,Shipping Address 624,Tamale,13.38,False,2024-01-01 02:45:01.586623
625,792,Shipping Address 625,Takoradi,27.7,False,2023-09-18 14:37:03.479462
626,565,Shipping Address 626,Takoradi,7.77,False,2023-08-05 08:46:15.674916
627,72,Shipping Address 627,Accra,5.38,False,2023-10-07 04:38:35.791324
628,917,Shipping Address 628,Accra,25.53,False,2024-10-26 18:48:40.695754
629,312,Shipping Address 629,Kumasi,12.19,False,2023-10-17 01:54:08.373571
630,132,Shipping Address 630,Kumasi,11.11,True,2024-12-27 23:37:23.267750
631,187,Shipping Address 631,Takoradi,28.69,True,2023-09-28 18:05:13.882449
632,74,Shipping Address 632,Accra,7.09,True,2024-06-07 12:39:54.280741
633,887,Shipping Address 633,Takoradi,24.09,False,2023-02-05 21:10:22.815519
634,778,Shipping Address 634,Takoradi,26.05,True,2024-02-05 00:26:41.050308
635,111,Shipping Address 635,Accra,16.86,True,2023-10-27 18:31:44.439147
636,972,Shipping Address 636,Tamale,13.11,False,2024-06-25 04:31:56.679569
637,987,Shipping Address 637,Accra,26.74,False,2023-11-27 07:15:18.635434
638,588,Shipping Address 638,Takoradi,28.9,False,2023-06-25 20:25:00.949098
639,827,Shipping Address 639,Accra,13.16,True,2023-11-09 01:03:13.165393
640,800,Shipping Address 640,Accra,12.17,False,2023-09-14 00:50:58.238050
641,104,Shipping Address 641,Tamale,8.56,False,2024-11-16 10:27:33.801927
642,906,Shipping Address 642,Tamale,24.73,False,2024-10-14 07:51:43.467922
643,363,Shipping Address 643,Takoradi,9.96,False,2024-01-24 00:56:49.305055
644,501,Shipping Address 644,Takoradi,7.27,True,2024-01-24 20:00:04.131482
645,915,Shipping Address 645,Accra,9.05,True,2023-06-14 06:25:46.755443
646,777,Shipping Address 646,Kumasi,26.66,False,2023-08-21 00:24:42.497965
647,449,Shipping Address 647,Takoradi,9.07,True,2023-04-17 06:13:52.674197
648,295,Shipping Address 648,Tamale,25.84,True,2024-04-05 03:54:15.922908
649,734,Shipping Address 649,Kumasi,22.72,True,2023-08-12 10:20:55.776509
650,264,Shipping Address 650,Accra,27.73,True,2024-08-18 10:45:19.555772
651,883,Shipping Address 651,Takoradi,20.3,False,2023-06-09 06:53:56.186622
652,934,Shipping Address 652,Tamale,24.2,True,2024-04-23 10:55:34.856994
653,64,Shipping Address 653,Kumasi,20.71,False,2024-03-08 02:24:41.697564
654,636,Shipping Address 654,Takoradi,8.94,True,2024-10-08 15:47:22.599519
655,972,Shipping Address 655,Accra,9.04,True,2023-04-01 12:47:30.105842
656,769,Shipping Address 656,Kumasi,15.86,True,2024-02-06 21:07:30.674319
657,154,Shipping Address 657,Kumasi,27.07,False,2024-05-25 01:58:29.095373
658,78,Shipping Address 658,Tamale,25.95,True,2024-04-04 23:11:00.259387
659,580,Shipping Address 659,Tamale,17.82,False,2024-12-13 09:08:19.044934
660,292,Shipping Address 660,Accra,19.71,True,2024-04-25 05:13:49.770855
661,422,Shipping Address 661,Accra,17.5,True,2023-03-09 12:04:41.626897
662,743,Shipping Address 662,Kumasi,25.97,True,2023-12-01 16:20:18.699607
663,500,Shipping Address 663,Takoradi,8.04,True,2024-10-12 01:02:24.584329
664,491,Shipping Address 664,Takoradi,6.09,False,2023-01-17 04:02:33.667877
665,8,Shipping Address 665,Accra,19.69,False,2024-10-19 07:07:14.898752
666,757,Shipping Address 666,Kumasi,27.05,False,2023-09-01 07:48:00.457252
667,572,Shipping Address 667,Accra,8.96,True,2024-05-05 01:41:02.186237
668,434,Shipping Address 668,Accra,23.89,True,2024-08-15 20:02:03.683751
669,398,Shipping Address 669,Accra,25.78,True,2024-11-20 12:04:03.729585
670,543,Shipping Address 670,Tamale,5.44,False,2023-02-13 03:56:12.928936
671,386,Shipping Address 671,Accra,18.38,True,2024-05-06 22:49:27.710329
672,108,Shipping Address 672,Accra,10.33,True,2023-01-08 07:07:32.170402
673,645,Shipping Address 673,Takoradi,13.55,True,2023-04-23 01:00:36.334277
674,291,Shipping Address 674,Takoradi,12.55,False,2024-01-23 23:39:44.371526
675,898,Shipping Address 675,Kumasi,15.26,True,2023-04-08 15:43:20.546472
676,291,Shipping Address 676,Tamale,16.15,False,2024-10-10 14:56:43.289933
677,507,Shipping Address 677,Tamale,20.01,True,2024-02-13 16:52:34.810591
678,168,Shipping Address 678,Kumasi,19.12,True,2023-03-11 09:28:00.669385
679,981,Shipping Address 679,Accra,20.55,True,2024-06-29 07:29:14.564060
680,263,Shipping Address 680,Tamale,17.78,True,2023-04-09 18:47:26.651615
681,578,Shipping Address 681,Kumasi,13.19,True,2023-03-04 17:53:35.124198
682,729,Shipping Address 682,Tamale,22.98,True,2024-10-10 03:16:50.120342
683,556,Shipping Address 683,Accra,17.13,True,2023-04-09 08:45:47.273328
684,379,Shipping Address 684,Tamale,12.81,True,2024-01-21 20:33:15.396435
685,50,Shipping Address 685,Tamale,8.83,False,2023-09-28 15:34:02.973429
686,114,Shipping Address 686,Accra,12.34,True,2023-05-23 11:03:50.635943
687,554,Shipping Address 687,Tamale,20.32,False,2023-06-13 18:16:04.074549
688,750,Shipping Address 688,Kumasi,6.35,True,2023-03-28 15:19:00.881727
689,168,Shipping Address 689,Takoradi,6.57,True,2023-03-06 06:15:50.332110
690,684,Shipping Address 690,Kumasi,28.42,False,2024-09-17 12:34:31.916309
691,22,Shipping Address 691,Takoradi,18.64,True,2023-07-06 18:09:15.343055
692,116,Shipping Address 692,Kumasi,20.79,False,2023-11-12 22:37:10.635043
693,317,Shipping Address 693,Takoradi,5.92,True,2024-03-07 15:58:29.434641
694,359,Shipping Address 694,Accra,23.57,True,2024-07-07 11:20:17.872568
695,376,Shipping Address 695,Takoradi,19.19,False,2024-08-10 16:14:35.571583
696,11,Shipping Address 696,Kumasi,20.57,False,2023-12-18 08:09:33.867505
697,316,Shipping Address 697,Accra,8.81,True,2024-07-27 06:23:49.231901
698,603,Shipping Address 698,Takoradi,14.76,True,2024-04-03 13:26:33.303178
699,106,Shipping Address 699,Accra,16.98,False,2023-05-19 11:51:42.756166
700,66,Shipping Address 700,Accra,26.53,True,2024-06-18 08:07:48.094503
701,731,Shipping Address 701,Kumasi,15.45,True,2024-04-19 22:29:26.350913
702,280,Shipping Address 702,Takoradi,29.98,False,2023-04-13 04:04:21.433932
703,327,Shipping Address 703,Takoradi,9.0,True,2024-10-22 21:32:35.942434
704,63,Shipping Address 704,Accra,17.26,True,2023-08-05 06:07:22.041427
705,328,Shipping Address 705,Accra,15.62,False,2023-08-17 17:51:57.975842
706,580,Shipping Address 706,Kumasi,14.51,False,2024-07-16 07:45:54.471029
707,997,Shipping Address 707,Kumasi,29.21,False,2023-05-16 05:50:15.440055
708,374,Shipping Address 708,Takoradi,20.46,False,2023-09-06 16:41:35.736083
709,382,Shipping Address 709,Takoradi,20.92,True,2023-04-20 12:06:33.284615
710,954,Shipping Address 710,Tamale,23.47,True,2023-06-05 18:59:14.545092
711,10,Shipping Address 711,Takoradi,13.5,False,2024-12-16 03:47:21.986196
712,667,Shipping Address 712,Kumasi,29.17,False,2024-01-07 17:06:53.701663
713,526,Shipping Address 713,Takoradi,16.44,False,2023-02-18 11:10:23.662861
714,301,Shipping Address 714,Tamale,23.73,False,2023-12-29 19:42:05.282906
715,917,Shipping Address 715,Takoradi,28.5,False,2023-12-11 02:18:33.420806
716,67,Shipping Address 716,Takoradi,25.04,False,2023-04-19 02:38:45.082113
717,883,Shipping Address 717,Tamale,23.26,False,2023-06-05 12:44:25.064796
718,312,Shipping Address 718,Takoradi,8.01,False,2024-08-13 04:53:17.718481
719,185,Shipping Address 719,Tamale,14.93,False,2024-06-28 05:20:26.754567
720,855,Shipping Address 720,Tamale,6.96,True,2023-06-09 18:13:54.629012
721,421,Shipping Address 721,Accra,27.01,True,2024-09-07 21:56:01.832775
722,766,Shipping Address 722,Accra,10.72,True,2023-09-30 14:42:00.333564
723,731,Shipping Address 723,Accra,10.94,False,2023-05-12 08:52:47.937658
724,426,Shipping Address 724,Tamale,24.67,False,2023-06-13 07:58:14.951554
725,168,Shipping Address 725,Takoradi,26.9,False,2023-11-26 23:34:52.097471
726,378,Shipping Address 726,Tamale,22.36,True,2024-05-28 17:09:29.588084
727,185,Shipping Address 727,Accra,14.93,True,2023-01-26 08:36:53.432375
728,518,Shipping Address 728,Tamale,29.3,False,2023-07-03 01:31:55.599656
729,837,Shipping Address 729,Kumasi,7.95,False,2024-04-12 06:31:22.724294
730,237,Shipping Address 730,Tamale,8.25,True,2023-02-03 19:57:42.373790
731,681,Shipping Address 731,Accra,29.52,True,2024-12-11 04:13:01.065767
732,758,Shipping Address 732,Kumasi,24.76,False,2023-01-05 02:21:40.503113
733,863,Shipping Address 733,Kumasi,28.12,False,2024-07-29 14:46:41.380104
734,781,Shipping Address 734,Takoradi,6.49,False,2023-02-19 06:01:10.778032
735,39,Shipping Address 735,Takoradi,19.17,True,2023-01-24 17:22:37.660999
736,25,Shipping Address 736,Takoradi,19.66,False,2023-03-14 11:17:39.041795
737,390,Shipping Address 737,Tamale,16.77,True,2023-05-01 01:58:23.747339
738,521,Shipping Address 738,Accra,22.42,True,2024-11-03 20:30:41.422121
739,165,Shipping Address 739,Takoradi,26.4,True,2023-11-04 04:27:50.669194
740,790,Shipping Address 740,Accra,7.37,True,2024-06-02 13:26:55.384260
741,714,Shipping Address 741,Accra,17.17,False,2023-02-06 08:48:08.675303
742,7,Shipping Address 742,Tamale,17.61,True,2023-09-12 18:48:26.900365
743,578,Shipping Address 743,Takoradi,6.06,False,2024-11-19 22:23:26.925198
744,968,Shipping Address 744,Takoradi,26.61,False,2023-01-28 21:52:48.635841
745,165,Shipping Address 745,Tamale,28.89,True,2023-09-02 16:42:05.097958
746,611,Shipping Address 746,Kumasi,7.87,True,2023-05-23 00:11:29.364239
747,754,Shipping Address 747,Accra,20.29,True,2024-08-20 11:15:41.204690
748,613,Shipping Address 748,Tamale,7.24,True,2024-10-10 01:03:12.899916
749,186,Shipping Address 749,Tamale,15.62,True,2024-03-18 16:00:40.379182
750,649,Shipping Address 750,Tamale,11.21,False,2023-08-12 18:53:30.823035
751,709,Shipping Address 751,Tamale,25.98,True,2024-11-04 06:39:40.313745
752,917,Shipping Address 752,Kumasi,6.88,True,2024-11-13 03:44:43.229455
753,385,Shipping Address 753,Tamale,12.07,True,2024-10-01 13:39:04.526960
754,698,Shipping Address 754,Kumasi,24.76,False,2023-01-31 22:25:39.040849
755,170,Shipping Address 755,Kumasi,16.95,True,2023-03-16 13:14:19.130609
756,807,Shipping Address 756,Accra,13.03,True,2023-05-21 08:15:03.119636
757,691,Shipping Address 757,Takoradi,9.37,True,2024-03-27 02:14:32.214837
758,56,Shipping Address 758,Kumasi,18.16,True,2024-01-22 16:50:10.764260
759,436,Shipping Address 759,Kumasi,6.94,True,2023-05-14 13:56:44.847649
760,985,Shipping Address 760,Kumasi,29.67,True,2023-02-05 01:27:44.952327
761,231,Shipping Address 761,Accra,21.49,False,2024-03-03 11:34:18.773997
762,858,Shipping Address 762,Tamale,27.7,True,2023-08-20 20:52:58.918248
763,403,Shipping Address 763,Takoradi,22.06,False,2023-06-05 12:25:58.519514
764,987,Shipping Address 764,Tamale,24.38,True,2024-06-30 22:31:51.234716
765,760,Shipping Address 765,Accra,28.48,True,2024-04-29 11:23:10.706013
766,205,Shipping Address 766,Accra,19.49,True,2024-10-13 18:19:16.967342
767,56,Shipping Address 767,Accra,18.51,False,2023-04-12 05:22:43.437612
768,933,Shipping Address 768,Accra,15.1,True,2023-11-01 22:30:15.305094
769,445,Shipping Address 769,Tamale,21.61,True,2024-10-31 12:34:29.679180
770,90,Shipping Address 770,Takoradi,28.66,True,2023-01-01 12:43:17.270447
771,67,Shipping Address 771,Accra,27.76,True,2024-04-29 23:32:20.347923
772,232,Shipping Address 772,Kumasi,23.1,False,2024-10-26 21:22:46.672757
773,85,Shipping Address 773,Tamale,13.37,False,2023-11-09 07:39:35.026478
774,205,Shipping Address 774,Takoradi,12.58,False,2023-04-09 00:15:03.547119
775,831,Shipping Address 775,Tamale,21.09,True,2024-11-10 17:54:17.834017
776,613,Shipping Address 776,Tamale,15.51,True,2023-05-29 13:13:46.630993
777,347,Shipping Address 777,Kumasi,15.92,False,2023-09-30 13:43:56.593911
778,172,Shipping Address 778,Kumasi,19.91,True,2023-08-12 04:11:24.512700
779,194,Shipping Address 779,Accra,12.78,True,2023-03-30 02:06:39.883642
780,208,Shipping Address 780,Tamale,29.68,False,2024-07-23 15:29:27.769201
781,759,Shipping Address 781,Tamale,7.77,True,2024-05-11 11:32:30.638675
782,697,Shipping Address 782,Tamale,15.79,False,2024-09-12 13:07:22.128722
783,585,Shipping Address 783,Kumasi,19.19,True,2024-08-23 04:19:23.767201
784,597,Shipping Address 784,Accra,7.43,False,2023-02-12 23:01:41.231924
785,664,Shipping Address 785,Tamale,24.7,True,2023-01-08 02:53:07.130113
786,225,Shipping Address 786,Accra,13.02,False,2024-06-19 02:08:45.311372
787,250,Shipping Address 787,Takoradi,11.14,True,2023-09-08 18:44:12.059959
788,452,Shipping Address 788,Accra,18.33,False,2024-04-30 22:41:58.157367
789,519,Shipping Address 789,Kumasi,22.92,False,2023-02-24 21:14:49.238633
790,237,Shipping Address 790,Tamale,10.08,False,2024-12-01 14:29:56.173816
791,700,Shipping Address 791,Takoradi,27.68,True,2024-03-19 01:50:50.156015
792,289,Shipping Address 792,Tamale,13.31,True,2023-03-11 05:21:20.902705
793,433,Shipping Address 793,Kumasi,28.86,False,2023-09-02 23:59:20.078631
794,930,Shipping Address 794,Takoradi,23.11,True,2023-12-28 01:57:45.389632
795,270,Shipping Address 795,Takoradi,18.75,False,2024-11-17 03:21:10.507584
796,583,Shipping Address 796,Kumasi,7.42,True,2023-07-14 23:00:12.513517
797,217,Shipping Address 797,Takoradi,28.54,True,2023-03-17 15:30:24.361623
798,120,Shipping Address 798,Tamale,12.73,False,2023-03-16 17:36:18.980451
799,448,Shipping Address 799,Takoradi,17.89,True,2024-10-19 05:24:07.074135
800,183,Shipping Address 800,Takoradi,16.18,True,2023-08-07 02:09:06.680191
801,804,Shipping Address 801,Tamale,13.42,True,2023-09-22 10:21:40.519961
802,802,Shipping Address 802,Kumasi,19.64,True,2024-03-18 04:13:26.148813
803,365,Shipping Address 803,Kumasi,18.85,False,2023-10-21 04:50:27.883851
804,295,Shipping Address 804,Accra,20.01,True,2024-03-23 20:18:23.764179
805,158,Shipping Address 805,Takoradi,10.82,False,2024-04-26 10:57:35.877978
806,954,Shipping Address 806,Accra,13.92,False,2023-12-06 09:53:18.427095
807,743,Shipping Address 807,Takoradi,20.38,True,2024-08-12 07:26:02.845309
808,507,Shipping Address 808,Takoradi,22.83,True,2024-12-24 03:32:40.997761
809,608,Shipping Address 809,Kumasi,10.13,False,2023-11-02 16:29:40.628817
810,431,Shipping Address 810,Takoradi,25.82,True,2024-01-07 21:32:17.508041
811,742,Shipping Address 811,Tamale,17.48,False,2023-08-20 19:18:02.986394
812,784,Shipping Address 812,Accra,15.42,False,2024-10-21 09:39:47.973263
813,799,Shipping Address 813,Accra,5.63,True,2023-03-22 04:27:18.716025
814,149,Shipping Address 814,Kumasi,16.69,False,2024-05-04 05:34:59.133047
815,782,Shipping Address 815,Tamale,27.39,True,2023-01-05 14:14:30.059421
816,333,Shipping Address 816,Accra,25.29,True,2023-11-09 20:50:39.176108
817,587,Shipping Address 817,Kumasi,9.85,False,2023-07-08 06:18:10.498456
818,174,Shipping Address 818,Accra,7.28,True,2024-03-12 15:02:30.890590
819,654,Shipping Address 819,Tamale,16.62,False,2023-05-10 11:08:12.319105
820,61,Shipping Address 820,Tamale,15.38,False,2023-01-31 17:32:39.877281
821,15,Shipping Address 821,Kumasi,14.94,False,2023-05-29 06:22:46.122613
822,414,Shipping Address 822,Kumasi,5.53,True,2024-08-08 05:23:05.725047
823,931,Shipping Address 823,Accra,13.71,True,2024-12-28 12:32:00.127893
824,439,Shipping Address 824,Kumasi,23.36,False,2023-10-11 21:23:28.184111
825,602,Shipping Address 825,Accra,20.99,False,2024-10-12 15:10:54.118076
826,190,Shipping Address 826,Takoradi,26.17,True,2024-11-17 20:50:42.965601
827,202,Shipping Address 827,Accra,13.17,False,2023-07-20 08:43:41.329598
828,297,Shipping Address 828,Kumasi,12.06,True,2024-10-24 14:17:11.075239
829,786,Shipping Address 829,Takoradi,24.26,False,2023-08-21 18:09:36.792216
830,746,Shipping Address 830,Kumasi,9.62,True,2024-06-04 19:15:34.905078
831,292,Shipping Address 831,Kumasi,12.83,True,2023-10-22 01:20:30.444642
832,800,Shipping Address 832,Kumasi,25.15,True,2024-08-14 16:25:44.701414
833,650,Shipping Address 833,Tamale,15.48,False,2024-12-06 23:30:06.759055
834,960,Shipping Address 834,Accra,15.37,False,2023-11-14 22:43:50.014787
835,140,Shipping Address 835,Tamale,12.41,False,2024-11-07 09:25:44.224003
836,54,Shipping Address 836,Kumasi,25.21,False,2023-06-23 05:03:11.878741
837,856,Shipping Address 837,Tamale,24.82,True,2024-01-15 00:16:17.726777
838,335,Shipping Address 838,Takoradi,26.21,False,2024-05-23 22:13:00.763890
839,835,Shipping Address 839,Kumasi,15.73,True,2024-06-25 02:10:00.286745
840,300,Shipping Address 840,Takoradi,21.43,False,2024-03-04 10:52:49.629987
841,306,Shipping Address 841,Kumasi,6.79,True,2023-09-16 03:25:36.023383
842,860,Shipping Address 842,Takoradi,29.05,True,2024-11-14 00:12:41.407594
843,913,Shipping Address 843,Accra,7.53,True,2023-08-23 20:15:28.261872
844,424,Shipping Address 844,Kumasi,26.52,True,2024-02-23 11:53:02.151044
845,782,Shipping Address 845,Takoradi,21.0,False,2023-11-18 08:50:00.123546
846,906,Shipping Address 846,Tamale,20.79,False,2023-07-14 16:27:17.516229
847,814,Shipping Address 847,Takoradi,29.02,False,2024-12-11 06:10:57.394358
848,838,Shipping Address 848,Takoradi,14.62,True,2024-02-03 02:03:00.338890
849,425,Shipping Address 849,Takoradi,24.95,True,2024-02-03 09:19:35.190070
850,858,Shipping Address 850,Kumasi,13.0,True,2023-07-09 08:06:11.972781
851,430,Shipping Address 851,Tamale,25.39,True,2024-09-30 00:45:07.882575
852,422,Shipping Address 852,Takoradi,12.79,True,2023-04-28 05:46:44.535783
853,888,Shipping Address 853,Accra,21.86,True,2023-07-23 07:17:04.525903
854,592,Shipping Address 854,Takoradi,21.78,False,2024-10-22 23:04:53.115703
855,966,Shipping Address 855,Kumasi,21.69,True,2023-09-11 17:07:10.813808
856,876,Shipping Address 856,Kumasi,18.83,False,2024-09-28 03:25:27.549572
857,53,Shipping Address 857,Accra,16.0,True,2023-05-14 01:05:30.010489
858,957,Shipping Address 858,Kumasi,11.41,True,2024-06-01 13:53:28.829805
859,273,Shipping Address 859,Takoradi,23.46,True,2024-06-30 01:48:22.071963
860,981,Shipping Address 860,Tamale,21.33,False,2024-10-24 07:57:13.634456
861,809,Shipping Address 861,Kumasi,17.84,False,2024-01-13 15:20:56.360438
862,266,Shipping Address 862,Tamale,7.25,True,2023-05-31 18:45:34.909421
863,471,Shipping Address 863,Takoradi,23.84,False,2023-02-26 00:26:57.481822
864,833,Shipping Address 864,Accra,11.25,True,2024-02-08 09:51:35.383681
865,964,Shipping Address 865,Takoradi,28.95,True,2024-02-03 10:53:39.671584
866,855,Shipping Address 866,Tamale,27.0,False,2024-08-07 18:19:52.248548
867,39,Shipping Address 867,Takoradi,10.17,True,2024-08-14 08:43:26.257281
868,902,Shipping Address 868,Tamale,17.39,True,2023-10-15 11:51:18.977994
869,682,Shipping Address 869,Tamale,23.07,True,2023-09-26 10:28:03.172967
870,566,Shipping Address 870,Kumasi,17.0,False,2024-03-24 18:50:46.006405
871,380,Shipping Address 871,Takoradi,6.21,False,2024-08-27 17:34:52.490615
872,47,Shipping Address 872,Tamale,18.67,True,2024-01-16 08:38:03.524870
873,303,Shipping Address 873,Kumasi,17.54,True,2023-09-04 21:02:53.871946
874,448,Shipping Address 874,Kumasi,29.95,True,2023-02-15 06:26:39.264201
875,79,Shipping Address 875,Accra,20.73,True,2024-11-30 21:28:49.925735
876,665,Shipping Address 876,Tamale,17.22,False,2023-09-28 17:29:38.321958
877,833,Shipping Address 877,Accra,7.4,True,2023-07-07 12:20:58.367020
878,549,Shipping Address 878,Kumasi,19.34,False,2023-08-08 08:14:56.982058
879,699,Shipping Address 879,Tamale,20.53,True,2023-01-15 03:38:09.092464
880,768,Shipping Address 880,Takoradi,15.64,False,2024-06-01 08:46:19.389413
881,222,Shipping Address 881,Takoradi,26.86,False,2024-04-10 18:29:53.813291
882,165,Shipping Address 882,Takoradi,24.32,True,2024-07-05 18:30:27.075416
883,406,Shipping Address 883,Tamale,10.14,False,2023-11-24 21:18:19.259408
884,1,Shipping Address 884,Accra,25.35,False,2023-01-28 00:42:13.242042
885,472,Shipping Address 885,Accra,8.48,False,2023-05-31 07:33:56.144584
886,611,Shipping Address 886,Takoradi,29.1,False,2024-10-19 08:05:13.201156
887,425,Shipping Address 887,Accra,22.13,False,2023-12-21 02:20:41.417757
888,502,Shipping Address 888,Accra,8.99,False,2024-09-18 22:31:04.639302
889,930,Shipping Address 889,Takoradi,7.92,False,2023-10-31 17:42:30.474871
890,676,Shipping Address 890,Kumasi,28.19,False,2024-09-12 10:26:16.235216
891,496,Shipping Address 891,Tamale,14.96,True,2024-12-08 18:06:28.300654
892,371,Shipping Address 892,Accra,10.73,False,2023-02-07 01:36:10.201883
893,985,Shipping Address 893,Accra,12.79,True,2023-07-28 12:19:55.931381
894,665,Shipping Address 894,Tamale,29.93,True,2024-12-02 10:08:21.703999
895,917,Shipping Address 895,Accra,19.51,False,2023-11-13 16:50:29.269301
896,457,Shipping Address 896,Takoradi,9.08,True,2024-11-25 03:05:20.730038
897,277,Shipping Address 897,Kumasi,26.86,True,2023-05-10 22:53:18.586644
898,898,Shipping Address 898,Kumasi,14.84,False,2024-05-31 19:10:46.617982
899,348,Shipping Address 899,Accra,12.87,False,2023-11-03 15:52:24.718665
900,761,Shipping Address 900,Kumasi,15.51,False,2024-05-16 20:45:55.736788
901,769,Shipping Address 901,Kumasi,25.58,False,2024-06-28 15:28:09.932004
902,838,Shipping Address 902,Accra,24.76,True,2023-12-05 20:24:06.918764
903,821,Shipping Address 903,Takoradi,25.18,False,2024-04-30 07:29:06.121684
904,739,Shipping Address 904,Accra,20.53,False,2024-01-28 15:52:47.101159
905,329,Shipping Address 905,Kumasi,26.41,False,2024-10-17 10:06:25.777824
906,748,Shipping Address 906,Kumasi,7.03,True,2023-10-23 17:37:53.685711
907,93,Shipping Address 907,Accra,9.71,True,2023-02-09 12:13:20.217188
908,874,Shipping Address 908,Takoradi,28.19,True,2023-08-22 19:26:15.602574
909,929,Shipping Address 909,Tamale,28.26,True,2023-05-10 17:28:29.243632
910,407,Shipping Address 910,Accra,26.69,True,2024-09-14 23:00:32.433538
911,648,Shipping Address 911,Accra,11.19,False,2023-04-04 23:10:06.318779
912,982,Shipping Address 912,Accra,20.84,False,2024-01-28 11:10:52.722252
913,346,Shipping Address 913,Takoradi,22.35,True,2024-03-29 10:15:47.431550
914,682,Shipping Address 914,Accra,19.15,False,2023-07-02 01:28:24.870773
915,571,Shipping Address 915,Takoradi,22.54,False,2023-11-15 19:10:42.608445
916,929,Shipping Address 916,Tamale,8.34,False,2024-06-30 18:14:34.966850
917,247,Shipping Address 917,Tamale,7.54,False,2023-04-10 09:07:25.538484
918,648,Shipping Address 918,Accra,18.33,False,2024-10-17 01:13:17.196022
919,963,Shipping Address 919,Tamale,27.08,False,2023-08-14 17:39:25.105719
920,257,Shipping Address 920,Accra,28.59,False,2024-02-15 15:50:37.086705
921,950,Shipping Address 921,Tamale,7.11,False,2024-07-03 00:03:19.291449
922,368,Shipping Address 922,Tamale,12.4,True,2024-11-10 13:20:13.144896
923,89,Shipping Address 923,Accra,28.91,False,2023-07-16 01:29:48.461064
924,229,Shipping Address 924,Tamale,18.34,False,2023-09-02 23:23:30.806278
925,771,Shipping Address 925,Accra,8.03,False,2024-11-06 00:39:35.789644
926,844,Shipping Address 926,Tamale,27.28,False,2023-02-13 00:21:17.826688
927,67,Shipping Address 927,Accra,15.64,False,2024-11-27 14:44:32.663102
928,810,Shipping Address 928,Takoradi,9.18,False,2024-08-01 20:48:50.694925
929,319,Shipping Address 929,Takoradi,22.58,True,2024-07-11 02:18:36.980349
930,333,Shipping Address 930,Accra,18.47,False,2023-08-17 17:43:41.413728
931,422,Shipping Address 931,Takoradi,8.62,False,2024-07-30 12:01:47.586384
932,868,Shipping Address 932,Accra,18.52,True,2023-05-13 11:45:50.342517
933,535,Shipping Address 933,Kumasi,16.33,True,2023-11-11 10:37:31.125118
934,615,Shipping Address 934,Tamale,5.79,True,2024-07-30 10:03:40.730794
935,119,Shipping Address 935,Takoradi,5.98,False,2024-08-12 00:12:13.071400
936,163,Shipping Address 936,Takoradi,24.6,True,2024-11-06 23:44:38.207662
937,107,Shipping Address 937,Accra,13.82,False,2023-09-18 14:05:06.046272
938,298,Shipping Address 938,Kumasi,14.45,False,2024-09-02 00:06:40.308734
939,668,Shipping Address 939,Kumasi,17.58,True,2024-05-14 23:23:30.061003
940,406,Shipping Address 940,Accra,17.87,False,2024-09-14 01:05:26.034112
941,722,Shipping Address 941,Accra,7.18,True,2024-01-13 14:26:43.301499
942,552,Shipping Address 942,Kumasi,24.88,True,2023-08-16 04:48:27.352553
943,127,Shipping Address 943,Tamale,8.26,False,2024-07-17 20:49:58.885107
944,602,Shipping Address 944,Accra,25.28,False,2023-05-04 23:36:41.532429
945,92,Shipping Address 945,Accra,27.4,False,2024-11-15 20:57:43.319506
946,101,Shipping Address 946,Takoradi,16.0,True,2024-02-09 05:10:10.778765
947,14,Shipping Address 947,Kumasi,27.97,True,2023-01-03 04:43:51.220718
948,55,Shipping Address 948,Accra,8.89,False,2023-10-31 20:07:50.580453
949,588,Shipping Address 949,Takoradi,20.49,True,2023-05-12 03:01:55.286457
950,299,Shipping Address 950,Takoradi,29.56,True,2023-12-27 13:17:37.914483
951,525,Shipping Address 951,Tamale,10.61,False,2023-08-06 14:15:51.842878
952,823,Shipping Address 952,Takoradi,15.25,False,2024-03-14 00:01:54.154220
953,312,Shipping Address 953,Kumasi,21.34,True,2024-10-21 12:02:56.513834
954,586,Shipping Address 954,Takoradi,19.6,True,2023-05-27 20:07:30.090137
955,231,Shipping Address 955,Takoradi,16.35,True,2023-04-10 05:56:12.915744
956,781,Shipping Address 956,Accra,29.37,True,2023-05-28 01:55:06.171138
957,961,Shipping Address 957,Tamale,16.04,False,2024-09-25 18:57:39.816001
958,433,Shipping Address 958,Kumasi,25.67,False,2023-01-24 02:29:19.459412
959,728,Shipping Address 959,Kumasi,9.82,False,2024-03-12 09:01:10.824196
960,93,Shipping Address 960,Takoradi,8.83,False,2024-08-06 14:59:36.068909
961,851,Shipping Address 961,Accra,22.71,False,2024-05-16 07:01:17.639795
962,143,Shipping Address 962,Accra,5.8,False,2023-09-03 13:32:20.618926
963,837,Shipping Address 963,Takoradi,14.59,True,2024-11-09 11:19:34.153829
964,255,Shipping Address 964,Takoradi,16.97,False,2024-10-13 10:57:16.747745
965,720,Shipping Address 965,Tamale,18.67,True,2023-11-20 11:46:26.630696
966,236,Shipping Address 966,Takoradi,12.29,False,2024-10-04 02:31:38.935085
967,353,Shipping Address 967,Takoradi,21.25,False,2023-02-02 06:46:45.010711
968,405,Shipping Address 968,Accra,24.71,True,2024-05-10 23:12:44.335644
969,628,Shipping Address 969,Takoradi,20.95,False,2023-07-18 07:07:35.808518
970,354,Shipping Address 970,Accra,22.63,True,2024-03-25 20:21:12.627677
971,520,Shipping Address 971,Tamale,5.73,False,2023-08-03 00:02:48.486078
972,426,Shipping Address 972,Kumasi,8.92,True,2023-02-09 14:19:35.926873
973,725,Shipping Address 973,Tamale,15.19,False,2023-11-17 12:01:35.506716
974,317,Shipping Address 974,Accra,18.47,True,2024-10-03 13:51:56.780010
975,41,Shipping Address 975,Tamale,19.44,True,2024-01-17 22:49:46.175353
976,299,Shipping Address 976,Tamale,18.61,False,2023-11-10 12:20:26.795454
977,629,Shipping Address 977,Accra,9.12,False,2024-06-01 22:43:27.595797
978,231,Shipping Address 978,Takoradi,21.43,False,2023-07-13 10:36:11.513684
979,783,Shipping Address 979,Kumasi,26.94,False,2023-02-26 11:48:48.754619
980,622,Shipping Address 980,Kumasi,26.57,False,2023-09-27 13:57:11.671792
981,71,Shipping Address 981,Takoradi,9.64,True,2024-12-13 08:23:39.839212
982,150,Shipping Address 982,Takoradi,20.24,False,2024-06-18 08:47:52.844144
983,691,Shipping Address 983,Kumasi,11.5,False,2023-10-03 10:40:11.838552
984,167,Shipping Address 984,Accra,13.34,False,2024-07-10 21:44:19.436788
985,606,Shipping Address 985,Kumasi,6.9,True,2023-01-18 17:28:13.820201
986,780,Shipping Address 986,Kumasi,14.36,False,2024-06-21 12:47:25.815363
987,324,Shipping Address 987,Takoradi,22.59,True,2023-11-18 11:12:25.477439
988,978,Shipping Address 988,Tamale,24.92,False,2023-10-20 13:03:06.665810
989,23,Shipping Address 989,Kumasi,24.12,False,2023-05-16 17:35:48.518087
990,942,Shipping Address 990,Takoradi,13.97,True,2024-01-12 08:12:40.467612
991,168,Shipping Address 991,Tamale,6.04,True,2023-08-28 06:38:33.107620
992,272,Shipping Address 992,Kumasi,15.06,True,2024-09-01 07:15:49.310910
993,91,Shipping Address 993,Kumasi,26.35,False,2023-11-09 10:18:26.789923
994,119,Shipping Address 994,Accra,23.28,False,2024-11-14 09:46:26.844254
995,669,Shipping Address 995,Takoradi,8.0,False,2024-09-17 08:48:22.740713
996,730,Shipping Address 996,Accra,26.73,False,2023-09-22 18:56:33.215443
997,225,Shipping Address 997,Takoradi,16.97,False,2024-01-04 22:15:57.791215
998,146,Shipping Address 998,Accra,11.22,True,2023-05-12 15:48:23.440453
999,947,Shipping Address 999,Kumasi,24.32,True,2024-12-10 16:21:47.102429
1000,114,Shipping Address 1000,Takoradi,28.03,False,2023-08-31 22:12:46.687490
